timestamp,temperatura_carga_c
2024-06-01 00:00:00,-18.38
2024-06-01 00:01:00,-18.42
2024-06-01 00:02:00,-18.39
2024-06-01 00:03:00,-18.39
2024-06-01 00:04:00,-18.50
2024-06-01 00:05:00,-18.39
2024-06-01 00:06:00,-18.27
2024-06-01 00:07:00,-18.26
2024-06-01 00:08:00,-18.36
2024-06-01 00:09:00,-18.22
2024-06-01 00:10:00,-18.44
2024-06-01 00:11:00,-18.33
2024-06-01 00:12:00,-18.24
2024-06-01 00:13:00,-18.27
2024-06-01 00:14:00,-18.28
2024-06-01 00:15:00,-18.42
2024-06-01 00:16:00,-18.51
2024-06-01 00:17:00,-18.36
2024-06-01 00:18:00,-18.54
2024-06-01 00:19:00,-18.58
2024-06-01 00:20:00,-18.59
2024-06-01 00:21:00,-18.49
2024-06-01 00:22:00,-18.62
2024-06-01 00:23:00,-18.65
2024-06-01 00:24:00,-18.64
2024-06-01 00:25:00,-18.62
2024-06-01 00:26:00,-18.68
2024-06-01 00:27:00,-18.58
2024-06-01 00:28:00,-18.59
2024-06-01 00:29:00,-18.53
2024-06-01 00:30:00,-18.75
2024-06-01 00:31:00,-18.57
2024-06-01 00:32:00,-18.63
2024-06-01 00:33:00,-18.61
2024-06-01 00:34:00,-18.64
2024-06-01 00:35:00,-18.38
2024-06-01 00:36:00,-18.48
2024-06-01 00:37:00,-18.46
2024-06-01 00:38:00,-18.51
2024-06-01 00:39:00,-18.48
2024-06-01 00:40:00,-18.30
2024-06-01 00:41:00,-18.39
2024-06-01 00:42:00,-18.24
2024-06-01 00:43:00,-18.28
2024-06-01 00:44:00,-18.35
2024-06-01 00:45:00,-18.31
2024-06-01 00:46:00,-18.25
2024-06-01 00:47:00,-18.42
2024-06-01 00:48:00,-18.37
2024-06-01 00:49:00,-18.35
2024-06-01 00:50:00,-18.39
2024-06-01 00:51:00,-18.46
2024-06-01 00:52:00,-18.39
2024-06-01 00:53:00,-18.44
2024-06-01 00:54:00,-18.52
2024-06-01 00:55:00,-18.49
2024-06-01 00:56:00,-18.61
2024-06-01 00:57:00,-18.74
2024-06-01 00:58:00,-18.67
2024-06-01 00:59:00,-18.58
2024-06-01 01:00:00,-18.75
2024-06-01 01:01:00,-18.62
2024-06-01 01:02:00,-18.63
2024-06-01 01:03:00,-18.72
2024-06-01 01:04:00,-18.59
2024-06-01 01:05:00,-18.51
2024-06-01 01:06:00,-18.64
2024-06-01 01:07:00,-18.56
2024-06-01 01:08:00,-18.49
2024-06-01 01:09:00,-18.56
2024-06-01 01:10:00,-18.55
2024-06-01 01:11:00,-18.33
2024-06-01 01:12:00,-18.42
2024-06-01 01:13:00,-18.38
2024-06-01 01:14:00,-18.35
2024-06-01 01:15:00,-18.43
2024-06-01 01:16:00,-18.33
2024-06-01 01:17:00,-18.19
2024-06-01 01:18:00,-18.28
2024-06-01 01:19:00,-18.33
2024-06-01 01:20:00,-18.26
2024-06-01 01:21:00,-18.29
2024-06-01 01:22:00,-18.33
2024-06-01 01:23:00,-18.28
2024-06-01 01:24:00,-18.32
2024-06-01 01:25:00,-18.38
2024-06-01 01:26:00,-18.31
2024-06-01 01:27:00,-18.44
2024-06-01 01:28:00,-18.57
2024-06-01 01:29:00,-18.53
2024-06-01 01:30:00,-18.56
2024-06-01 01:31:00,-18.58
2024-06-01 01:32:00,-18.60
2024-06-01 01:33:00,-18.52
2024-06-01 01:34:00,-18.67
2024-06-01 01:35:00,-18.66
2024-06-01 01:36:00,-18.64
2024-06-01 01:37:00,-18.67
2024-06-01 01:38:00,-18.69
2024-06-01 01:39:00,-18.56
2024-06-01 01:40:00,-18.52
2024-06-01 01:41:00,-18.49
2024-06-01 01:42:00,-18.57
2024-06-01 01:43:00,-18.49
2024-06-01 01:44:00,-18.44
2024-06-01 01:45:00,-18.50
2024-06-01 01:46:00,-18.53
2024-06-01 01:47:00,-18.46
2024-06-01 01:48:00,-18.22
2024-06-01 01:49:00,-18.39
2024-06-01 01:50:00,-18.23
2024-06-01 01:51:00,-18.31
2024-06-01 01:52:00,-18.38
2024-06-01 01:53:00,-18.23
2024-06-01 01:54:00,-18.33
2024-06-01 01:55:00,-18.19
2024-06-01 01:56:00,-18.38
2024-06-01 01:57:00,-18.33
2024-06-01 01:58:00,-18.22
2024-06-01 01:59:00,-18.35
2024-06-01 02:00:00,-18.39
2024-06-01 02:01:00,-18.36
2024-06-01 02:02:00,-18.53
2024-06-01 02:03:00,-18.47
2024-06-01 02:04:00,-18.47
2024-06-01 02:05:00,-18.62
2024-06-01 02:06:00,-18.61
2024-06-01 02:07:00,-18.47
2024-06-01 02:08:00,-18.50
2024-06-01 02:09:00,-18.54
2024-06-01 02:10:00,-18.55
2024-06-01 02:11:00,-18.51
2024-06-01 02:12:00,-18.48
2024-06-01 02:13:00,-18.66
2024-06-01 02:14:00,-18.50
2024-06-01 02:15:00,-18.66
2024-06-01 02:16:00,-18.56
2024-06-01 02:17:00,-18.52
2024-06-01 02:18:00,-18.38
2024-06-01 02:19:00,-18.32
2024-06-01 02:20:00,-18.39
2024-06-01 02:21:00,-18.44
2024-06-01 02:22:00,-18.37
2024-06-01 02:23:00,-18.27
2024-06-01 02:24:00,-18.29
2024-06-01 02:25:00,-18.23
2024-06-01 02:26:00,-18.29
2024-06-01 02:27:00,-18.20
2024-06-01 02:28:00,-18.32
2024-06-01 02:29:00,-18.16
2024-06-01 02:30:00,-18.33
2024-06-01 02:31:00,-18.36
2024-06-01 02:32:00,-18.19
2024-06-01 02:33:00,-18.38
2024-06-01 02:34:00,-18.34
2024-06-01 02:35:00,-18.42
2024-06-01 02:36:00,-18.25
2024-06-01 02:37:00,-18.44
2024-06-01 02:38:00,-18.35
2024-06-01 02:39:00,-18.44
2024-06-01 02:40:00,-18.36
2024-06-01 02:41:00,-18.53
2024-06-01 02:42:00,-18.62
2024-06-01 02:43:00,-18.49
2024-06-01 02:44:00,-18.55
2024-06-01 02:45:00,-18.57
2024-06-01 02:46:00,-18.44
2024-06-01 02:47:00,-18.53
2024-06-01 02:48:00,-18.45
2024-06-01 02:49:00,-18.42
2024-06-01 02:50:00,-18.47
2024-06-01 02:51:00,-18.46
2024-06-01 02:52:00,-18.46
2024-06-01 02:53:00,-18.47
2024-06-01 02:54:00,-18.44
2024-06-01 02:55:00,-18.36
2024-06-01 02:56:00,-18.23
2024-06-01 02:57:00,-18.37
2024-06-01 02:58:00,-18.21
2024-06-01 02:59:00,-18.21
2024-06-01 03:00:00,-18.16
2024-06-01 03:01:00,-18.08
2024-06-01 03:02:00,-18.27
2024-06-01 03:03:00,-18.25
2024-06-01 03:04:00,-18.26
2024-06-01 03:05:00,-18.09
2024-06-01 03:06:00,-18.24
2024-06-01 03:07:00,-18.30
2024-06-01 03:08:00,-18.16
2024-06-01 03:09:00,-18.23
2024-06-01 03:10:00,-18.25
2024-06-01 03:11:00,-18.22
2024-06-01 03:12:00,-18.31
2024-06-01 03:13:00,-18.31
2024-06-01 03:14:00,-18.44
2024-06-01 03:15:00,-18.31
2024-06-01 03:16:00,-18.57
2024-06-01 03:17:00,-18.42
2024-06-01 03:18:00,-18.39
2024-06-01 03:19:00,-18.39
2024-06-01 03:20:00,-18.47
2024-06-01 03:21:00,-18.46
2024-06-01 03:22:00,-18.45
2024-06-01 03:23:00,-18.48
2024-06-01 03:24:00,-18.50
2024-06-01 03:25:00,-18.51
2024-06-01 03:26:00,-18.35
2024-06-01 03:27:00,-18.43
2024-06-01 03:28:00,-18.43
2024-06-01 03:29:00,-18.40
2024-06-01 03:30:00,-18.20
2024-06-01 03:31:00,-18.35
2024-06-01 03:32:00,-18.12
2024-06-01 03:33:00,-18.09
2024-06-01 03:34:00,-18.14
2024-06-01 03:35:00,-18.08
2024-06-01 03:36:00,-18.03
2024-06-01 03:37:00,-18.11
2024-06-01 03:38:00,-18.07
2024-06-01 03:39:00,-18.17
2024-06-01 03:40:00,-18.24
2024-06-01 03:41:00,-18.05
2024-06-01 03:42:00,-18.21
2024-06-01 03:43:00,-18.12
2024-06-01 03:44:00,-18.31
2024-06-01 03:45:00,-18.20
2024-06-01 03:46:00,-18.30
2024-06-01 03:47:00,-18.39
2024-06-01 03:48:00,-18.40
2024-06-01 03:49:00,-18.46
2024-06-01 03:50:00,-18.50
2024-06-01 03:51:00,-18.30
2024-06-01 03:52:00,-18.44
2024-06-01 03:53:00,-18.50
2024-06-01 03:54:00,-18.38
2024-06-01 03:55:00,-18.50
2024-06-01 03:56:00,-18.47
2024-06-01 03:57:00,-18.56
2024-06-01 03:58:00,-18.37
2024-06-01 03:59:00,-18.49
2024-06-01 04:00:00,-18.29
2024-06-01 04:01:00,-18.45
2024-06-01 04:02:00,-18.40
2024-06-01 04:03:00,-18.33
2024-06-01 04:04:00,-18.33
2024-06-01 04:05:00,-18.26
2024-06-01 04:06:00,-18.27
2024-06-01 04:07:00,-18.08
2024-06-01 04:08:00,-18.15
2024-06-01 04:09:00,-18.12
2024-06-01 04:10:00,-18.14
2024-06-01 04:11:00,-18.06
2024-06-01 04:12:00,-18.15
2024-06-01 04:13:00,-18.14
2024-06-01 04:14:00,-18.09
2024-06-01 04:15:00,-18.06
2024-06-01 04:16:00,-18.12
2024-06-01 04:17:00,-18.12
2024-06-01 04:18:00,-18.22
2024-06-01 04:19:00,-18.05
2024-06-01 04:20:00,-18.27
2024-06-01 04:21:00,-18.14
2024-06-01 04:22:00,-18.23
2024-06-01 04:23:00,-18.16
2024-06-01 04:24:00,-18.39
2024-06-01 04:25:00,-18.21
2024-06-01 04:26:00,-18.43
2024-06-01 04:27:00,-18.30
2024-06-01 04:28:00,-18.27
2024-06-01 04:29:00,-18.30
2024-06-01 04:30:00,-18.48
2024-06-01 04:31:00,-18.45
2024-06-01 04:32:00,-18.32
2024-06-01 04:33:00,-18.45
2024-06-01 04:34:00,-18.26
2024-06-01 04:35:00,-18.21
2024-06-01 04:36:00,-18.24
2024-06-01 04:37:00,-18.24
2024-06-01 04:38:00,-18.12
2024-06-01 04:39:00,-18.24
2024-06-01 04:40:00,-18.18
2024-06-01 04:41:00,-18.14
2024-06-01 04:42:00,-18.16
2024-06-01 04:43:00,-18.08
2024-06-01 04:44:00,-18.13
2024-06-01 04:45:00,-18.07
2024-06-01 04:46:00,-17.92
2024-06-01 04:47:00,-18.10
2024-06-01 04:48:00,-17.90
2024-06-01 04:49:00,-17.97
2024-06-01 04:50:00,-17.99
2024-06-01 04:51:00,-18.04
2024-06-01 04:52:00,-17.91
2024-06-01 04:53:00,-18.14
2024-06-01 04:54:00,-18.14
2024-06-01 04:55:00,-18.17
2024-06-01 04:56:00,-18.09
2024-06-01 04:57:00,-18.05
2024-06-01 04:58:00,-18.24
2024-06-01 04:59:00,-18.31
2024-06-01 05:00:00,-18.31
2024-06-01 05:01:00,-18.23
2024-06-01 05:02:00,-18.32
2024-06-01 05:03:00,-18.26
2024-06-01 05:04:00,-18.24
2024-06-01 05:05:00,-18.32
2024-06-01 05:06:00,-18.40
2024-06-01 05:07:00,-18.35
2024-06-01 05:08:00,-18.42
2024-06-01 05:09:00,-18.20
2024-06-01 05:10:00,-18.24
2024-06-01 05:11:00,-18.34
2024-06-01 05:12:00,-18.28
2024-06-01 05:13:00,-18.12
2024-06-01 05:14:00,-18.05
2024-06-01 05:15:00,-18.07
2024-06-01 05:16:00,-17.98
2024-06-01 05:17:00,-17.95
2024-06-01 05:18:00,-17.93
2024-06-01 05:19:00,-17.87
2024-06-01 05:20:00,-17.88
2024-06-01 05:21:00,-17.95
2024-06-01 05:22:00,-17.80
2024-06-01 05:23:00,-17.83
2024-06-01 05:24:00,-17.98
2024-06-01 05:25:00,-17.83
2024-06-01 05:26:00,-18.06
2024-06-01 05:27:00,-18.05
2024-06-01 05:28:00,-17.86
2024-06-01 05:29:00,-18.05
2024-06-01 05:30:00,-17.93
2024-06-01 05:31:00,-18.10
2024-06-01 05:32:00,-17.99
2024-06-01 05:33:00,-18.21
2024-06-01 05:34:00,-18.27
2024-06-01 05:35:00,-18.13
2024-06-01 05:36:00,-18.31
2024-06-01 05:37:00,-18.16
2024-06-01 05:38:00,-18.14
2024-06-01 05:39:00,-18.13
2024-06-01 05:40:00,-18.19
2024-06-01 05:41:00,-18.21
2024-06-01 05:42:00,-18.29
2024-06-01 05:43:00,-18.22
2024-06-01 05:44:00,-18.32
2024-06-01 05:45:00,-18.18
2024-06-01 05:46:00,-18.22
2024-06-01 05:47:00,-18.05
2024-06-01 05:48:00,-18.06
2024-06-01 05:49:00,-18.09
2024-06-01 05:50:00,-17.97
2024-06-01 05:51:00,-18.02
2024-06-01 05:52:00,-17.95
2024-06-01 05:53:00,-17.90
2024-06-01 05:54:00,-17.77
2024-06-01 05:55:00,-17.87
2024-06-01 05:56:00,-17.89
2024-06-01 05:57:00,-17.77
2024-06-01 05:58:00,-17.86
2024-06-01 05:59:00,-17.84
2024-06-01 06:00:00,-17.88
2024-06-01 06:01:00,-17.81
2024-06-01 06:02:00,-17.80
2024-06-01 06:03:00,-17.90
2024-06-01 06:04:00,-17.84
2024-06-01 06:05:00,-17.86
2024-06-01 06:06:00,-17.96
2024-06-01 06:07:00,-18.11
2024-06-01 06:08:00,-18.11
2024-06-01 06:09:00,-18.15
2024-06-01 06:10:00,-18.00
2024-06-01 06:11:00,-18.15
2024-06-01 06:12:00,-18.10
2024-06-01 06:13:00,-18.14
2024-06-01 06:14:00,-18.20
2024-06-01 06:15:00,-18.14
2024-06-01 06:16:00,-18.19
2024-06-01 06:17:00,-18.05
2024-06-01 06:18:00,-18.15
2024-06-01 06:19:00,-18.01
2024-06-01 06:20:00,-17.96
2024-06-01 06:21:00,-18.16
2024-06-01 06:22:00,-18.01
2024-06-01 06:23:00,-18.04
2024-06-01 06:24:00,-17.90
2024-06-01 06:25:00,-17.81
2024-06-01 06:26:00,-17.83
2024-06-01 06:27:00,-17.97
2024-06-01 06:28:00,-17.82
2024-06-01 06:29:00,-17.74
2024-06-01 06:30:00,-17.79
2024-06-01 06:31:00,-17.71
2024-06-01 06:32:00,-17.84
2024-06-01 06:33:00,-17.67
2024-06-01 06:34:00,-17.66
2024-06-01 06:35:00,-17.74
2024-06-01 06:36:00,-17.76
2024-06-01 06:37:00,-17.88
2024-06-01 06:38:00,-17.70
2024-06-01 06:39:00,-17.91
2024-06-01 06:40:00,-17.96
2024-06-01 06:41:00,-17.98
2024-06-01 06:42:00,-17.94
2024-06-01 06:43:00,-17.91
2024-06-01 06:44:00,-18.01
2024-06-01 06:45:00,-17.94
2024-06-01 06:46:00,-17.96
2024-06-01 06:47:00,-18.07
2024-06-01 06:48:00,-18.13
2024-06-01 06:49:00,-18.00
2024-06-01 06:50:00,-18.07
2024-06-01 06:51:00,-18.04
2024-06-01 06:52:00,-18.00
2024-06-01 06:53:00,-18.01
2024-06-01 06:54:00,-18.07
2024-06-01 06:55:00,-17.99
2024-06-01 06:56:00,-18.03
2024-06-01 06:57:00,-17.88
2024-06-01 06:58:00,-17.99
2024-06-01 06:59:00,-17.93
2024-06-01 07:00:00,-17.78
2024-06-01 07:01:00,-17.89
2024-06-01 07:02:00,-17.77
2024-06-01 07:03:00,-17.81
2024-06-01 07:04:00,-17.59
2024-06-01 07:05:00,-17.71
2024-06-01 07:06:00,-17.57
2024-06-01 07:07:00,-17.63
2024-06-01 07:08:00,-17.67
2024-06-01 07:09:00,-17.62
2024-06-01 07:10:00,-17.76
2024-06-01 07:11:00,-17.67
2024-06-01 07:12:00,-17.81
2024-06-01 07:13:00,-17.68
2024-06-01 07:14:00,-17.85
2024-06-01 07:15:00,-17.87
2024-06-01 07:16:00,-17.89
2024-06-01 07:17:00,-17.95
2024-06-01 07:18:00,-17.78
2024-06-01 07:19:00,-17.79
2024-06-01 07:20:00,-17.92
2024-06-01 07:21:00,-17.94
2024-06-01 07:22:00,-18.00
2024-06-01 07:23:00,-18.02
2024-06-01 07:24:00,-17.98
2024-06-01 07:25:00,-17.91
2024-06-01 07:26:00,-18.02
2024-06-01 07:27:00,-18.03
2024-06-01 07:28:00,-17.97
2024-06-01 07:29:00,-17.92
2024-06-01 07:30:00,-18.01
2024-06-01 07:31:00,-17.87
2024-06-01 07:32:00,-17.73
2024-06-01 07:33:00,-17.87
2024-06-01 07:34:00,-17.76
2024-06-01 07:35:00,-17.83
2024-06-01 07:36:00,-17.77
2024-06-01 07:37:00,-17.75
2024-06-01 07:38:00,-17.52
2024-06-01 07:39:00,-17.48
2024-06-01 07:40:00,-17.57
2024-06-01 07:41:00,-17.66
2024-06-01 07:42:00,-17.53
2024-06-01 07:43:00,-17.59
2024-06-01 07:44:00,-17.65
2024-06-01 07:45:00,-17.54
2024-06-01 07:46:00,-17.69
2024-06-01 07:47:00,-17.69
2024-06-01 07:48:00,-17.64
2024-06-01 07:49:00,-17.66
2024-06-01 07:50:00,-17.56
2024-06-01 07:51:00,-17.83
2024-06-01 07:52:00,-17.63
2024-06-01 07:53:00,-17.70
2024-06-01 07:54:00,-17.87
2024-06-01 07:55:00,-17.72
2024-06-01 07:56:00,-17.80
2024-06-01 07:57:00,-17.76
2024-06-01 07:58:00,-17.80
2024-06-01 07:59:00,-17.81
2024-06-01 08:00:00,-16.24
2024-06-01 08:01:00,-16.88
2024-06-01 08:02:00,-17.23
2024-06-01 08:03:00,-17.53
2024-06-01 08:04:00,-17.53
2024-06-01 08:05:00,-17.59
2024-06-01 08:06:00,-17.60
2024-06-01 08:07:00,-17.73
2024-06-01 08:08:00,-17.67
2024-06-01 08:09:00,-17.53
2024-06-01 08:10:00,-17.50
2024-06-01 08:11:00,-17.63
2024-06-01 08:12:00,-17.50
2024-06-01 08:13:00,-17.52
2024-06-01 08:14:00,-17.49
2024-06-01 08:15:00,-17.57
2024-06-01 08:16:00,-17.39
2024-06-01 08:17:00,-17.50
2024-06-01 08:18:00,-17.53
2024-06-01 08:19:00,-17.39
2024-06-01 08:20:00,-17.54
2024-06-01 08:21:00,-17.48
2024-06-01 08:22:00,-17.47
2024-06-01 08:23:00,-17.59
2024-06-01 08:24:00,-17.63
2024-06-01 08:25:00,-17.59
2024-06-01 08:26:00,-17.60
2024-06-01 08:27:00,-17.55
2024-06-01 08:28:00,-17.73
2024-06-01 08:29:00,-17.76
2024-06-01 08:30:00,-17.59
2024-06-01 08:31:00,-17.73
2024-06-01 08:32:00,-17.75
2024-06-01 08:33:00,-17.67
2024-06-01 08:34:00,-17.85
2024-06-01 08:35:00,-17.66
2024-06-01 08:36:00,-17.73
2024-06-01 08:37:00,-17.68
2024-06-01 08:38:00,-17.78
2024-06-01 08:39:00,-17.67
2024-06-01 08:40:00,-17.74
2024-06-01 08:41:00,-17.72
2024-06-01 08:42:00,-17.52
2024-06-01 08:43:00,-17.65
2024-06-01 08:44:00,-17.58
2024-06-01 08:45:00,-17.62
2024-06-01 08:46:00,-17.43
2024-06-01 08:47:00,-17.38
2024-06-01 08:48:00,-17.50
2024-06-01 08:49:00,-17.43
2024-06-01 08:50:00,-17.25
2024-06-01 08:51:00,-17.38
2024-06-01 08:52:00,-17.44
2024-06-01 08:53:00,-17.22
2024-06-01 08:54:00,-17.44
2024-06-01 08:55:00,-17.28
2024-06-01 08:56:00,-17.48
2024-06-01 08:57:00,-17.44
2024-06-01 08:58:00,-17.36
2024-06-01 08:59:00,-17.35
2024-06-01 09:00:00,-17.42
2024-06-01 09:01:00,-17.60
2024-06-01 09:02:00,-17.56
2024-06-01 09:03:00,-17.46
2024-06-01 09:04:00,-17.47
2024-06-01 09:05:00,-17.58
2024-06-01 09:06:00,-17.70
2024-06-01 09:07:00,-17.52
2024-06-01 09:08:00,-17.56
2024-06-01 09:09:00,-17.66
2024-06-01 09:10:00,-17.56
2024-06-01 09:11:00,-17.62
2024-06-01 09:12:00,-17.73
2024-06-01 09:13:00,-17.69
2024-06-01 09:14:00,-17.65
2024-06-01 09:15:00,-17.59
2024-06-01 09:16:00,-17.53
2024-06-01 09:17:00,-17.39
2024-06-01 09:18:00,-17.49
2024-06-01 09:19:00,-17.33
2024-06-01 09:20:00,-17.39
2024-06-01 09:21:00,-17.34
2024-06-01 09:22:00,-17.43
2024-06-01 09:23:00,-17.16
2024-06-01 09:24:00,-17.16
2024-06-01 09:25:00,-17.23
2024-06-01 09:26:00,-17.35
2024-06-01 09:27:00,-17.23
2024-06-01 09:28:00,-17.23
2024-06-01 09:29:00,-17.15
2024-06-01 09:30:00,-17.23
2024-06-01 09:31:00,-17.16
2024-06-01 09:32:00,-17.27
2024-06-01 09:33:00,-17.19
2024-06-01 09:34:00,-17.22
2024-06-01 09:35:00,-17.25
2024-06-01 09:36:00,-17.39
2024-06-01 09:37:00,-17.50
2024-06-01 09:38:00,-17.48
2024-06-01 09:39:00,-17.54
2024-06-01 09:40:00,-17.55
2024-06-01 09:41:00,-17.45
2024-06-01 09:42:00,-17.52
2024-06-01 09:43:00,-17.45
2024-06-01 09:44:00,-17.64
2024-06-01 09:45:00,-17.45
2024-06-01 09:46:00,-17.40
2024-06-01 09:47:00,-17.54
2024-06-01 09:48:00,-17.49
2024-06-01 09:49:00,-17.37
2024-06-01 09:50:00,-17.53
2024-06-01 09:51:00,-17.51
2024-06-01 09:52:00,-17.39
2024-06-01 09:53:00,-17.41
2024-06-01 09:54:00,-17.24
2024-06-01 09:55:00,-17.28
2024-06-01 09:56:00,-17.16
2024-06-01 09:57:00,-17.30
2024-06-01 09:58:00,-17.22
2024-06-01 09:59:00,-17.17
2024-06-01 10:00:00,-17.04
2024-06-01 10:01:00,-17.10
2024-06-01 10:02:00,-17.02
2024-06-01 10:03:00,-17.20
2024-06-01 10:04:00,-17.20
2024-06-01 10:05:00,-17.13
2024-06-01 10:06:00,-17.02
2024-06-01 10:07:00,-17.23
2024-06-01 10:08:00,-17.13
2024-06-01 10:09:00,-17.24
2024-06-01 10:10:00,-17.34
2024-06-01 10:11:00,-17.29
2024-06-01 10:12:00,-17.25
2024-06-01 10:13:00,-17.22
2024-06-01 10:14:00,-17.36
2024-06-01 10:15:00,-17.38
2024-06-01 10:16:00,-17.40
2024-06-01 10:17:00,-17.42
2024-06-01 10:18:00,-17.42
2024-06-01 10:19:00,-17.37
2024-06-01 10:20:00,-17.50
2024-06-01 10:21:00,-17.29
2024-06-01 10:22:00,-17.36
2024-06-01 10:23:00,-17.35
2024-06-01 10:24:00,-17.35
2024-06-01 10:25:00,-17.24
2024-06-01 10:26:00,-17.34
2024-06-01 10:27:00,-17.18
2024-06-01 10:28:00,-17.19
2024-06-01 10:29:00,-17.23
2024-06-01 10:30:00,-17.15
2024-06-01 10:31:00,-17.18
2024-06-01 10:32:00,-17.01
2024-06-01 10:33:00,-17.12
2024-06-01 10:34:00,-16.97
2024-06-01 10:35:00,-17.03
2024-06-01 10:36:00,-16.92
2024-06-01 10:37:00,-16.93
2024-06-01 10:38:00,-16.86
2024-06-01 10:39:00,-16.94
2024-06-01 10:40:00,-17.02
2024-06-01 10:41:00,-16.93
2024-06-01 10:42:00,-17.13
2024-06-01 10:43:00,-17.11
2024-06-01 10:44:00,-17.06
2024-06-01 10:45:00,-17.20
2024-06-01 10:46:00,-17.11
2024-06-01 10:47:00,-17.27
2024-06-01 10:48:00,-17.13
2024-06-01 10:49:00,-17.11
2024-06-01 10:50:00,-17.20
2024-06-01 10:51:00,-17.13
2024-06-01 10:52:00,-17.28
2024-06-01 10:53:00,-17.34
2024-06-01 10:54:00,-17.26
2024-06-01 10:55:00,-17.22
2024-06-01 10:56:00,-17.23
2024-06-01 10:57:00,-17.22
2024-06-01 10:58:00,-17.15
2024-06-01 10:59:00,-17.17
2024-06-01 11:00:00,-17.27
2024-06-01 11:01:00,-17.08
2024-06-01 11:02:00,-17.03
2024-06-01 11:03:00,-17.00
2024-06-01 11:04:00,-16.99
2024-06-01 11:05:00,-17.09
2024-06-01 11:06:00,-17.06
2024-06-01 11:07:00,-16.81
2024-06-01 11:08:00,-17.00
2024-06-01 11:09:00,-16.88
2024-06-01 11:10:00,-16.92
2024-06-01 11:11:00,-16.74
2024-06-01 11:12:00,-16.84
2024-06-01 11:13:00,-16.77
2024-06-01 11:14:00,-16.90
2024-06-01 11:15:00,-16.93
2024-06-01 11:16:00,-16.77
2024-06-01 11:17:00,-16.97
2024-06-01 11:18:00,-16.88
2024-06-01 11:19:00,-16.89
2024-06-01 11:20:00,-17.04
2024-06-01 11:21:00,-17.09
2024-06-01 11:22:00,-16.96
2024-06-01 11:23:00,-17.07
2024-06-01 11:24:00,-17.00
2024-06-01 11:25:00,-17.06
2024-06-01 11:26:00,-17.14
2024-06-01 11:27:00,-17.20
2024-06-01 11:28:00,-17.22
2024-06-01 11:29:00,-17.16
2024-06-01 11:30:00,-17.23
2024-06-01 11:31:00,-17.22
2024-06-01 11:32:00,-17.05
2024-06-01 11:33:00,-17.17
2024-06-01 11:34:00,-17.01
2024-06-01 11:35:00,-16.92
2024-06-01 11:36:00,-16.91
2024-06-01 11:37:00,-16.90
2024-06-01 11:38:00,-16.84
2024-06-01 11:39:00,-16.80
2024-06-01 11:40:00,-16.83
2024-06-01 11:41:00,-16.84
2024-06-01 11:42:00,-16.70
2024-06-01 11:43:00,-16.65
2024-06-01 11:44:00,-16.70
2024-06-01 11:45:00,-16.66
2024-06-01 11:46:00,-16.64
2024-06-01 11:47:00,-16.81
2024-06-01 11:48:00,-16.80
2024-06-01 11:49:00,-16.57
2024-06-01 11:50:00,-16.69
2024-06-01 11:51:00,-16.74
2024-06-01 11:52:00,-16.65
2024-06-01 11:53:00,-16.80
2024-06-01 11:54:00,-16.89
2024-06-01 11:55:00,-16.70
2024-06-01 11:56:00,-16.78
2024-06-01 11:57:00,-16.89
2024-06-01 11:58:00,-16.98
2024-06-01 11:59:00,-16.82
2024-06-01 12:00:00,-16.92
2024-06-01 12:01:00,-16.91
2024-06-01 12:02:00,-16.91
2024-06-01 12:03:00,-16.87
2024-06-01 12:04:00,-17.06
2024-06-01 12:05:00,-16.95
2024-06-01 12:06:00,-16.90
2024-06-01 12:07:00,-16.90
2024-06-01 12:08:00,-16.84
2024-06-01 12:09:00,-16.93
2024-06-01 12:10:00,-16.82
2024-06-01 12:11:00,-16.93
2024-06-01 12:12:00,-16.79
2024-06-01 12:13:00,-16.76
2024-06-01 12:14:00,-16.67
2024-06-01 12:15:00,-16.77
2024-06-01 12:16:00,-16.73
2024-06-01 12:17:00,-16.61
2024-06-01 12:18:00,-16.54
2024-06-01 12:19:00,-16.64
2024-06-01 12:20:00,-16.47
2024-06-01 12:21:00,-16.53
2024-06-01 12:22:00,-16.51
2024-06-01 12:23:00,-16.57
2024-06-01 12:24:00,-16.61
2024-06-01 12:25:00,-16.63
2024-06-01 12:26:00,-16.62
2024-06-01 12:27:00,-16.67
2024-06-01 12:28:00,-16.57
2024-06-01 12:29:00,-16.73
2024-06-01 12:30:00,-16.68
2024-06-01 12:31:00,-16.67
2024-06-01 12:32:00,-16.75
2024-06-01 12:33:00,-16.66
2024-06-01 12:34:00,-16.68
2024-06-01 12:35:00,-16.76
2024-06-01 12:36:00,-16.89
2024-06-01 12:37:00,-16.85
2024-06-01 12:38:00,-16.82
2024-06-01 12:39:00,-16.85
2024-06-01 12:40:00,-16.76
2024-06-01 12:41:00,-16.68
2024-06-01 12:42:00,-16.75
2024-06-01 12:43:00,-16.74
2024-06-01 12:44:00,-16.67
2024-06-01 12:45:00,-16.79
2024-06-01 12:46:00,-16.55
2024-06-01 12:47:00,-16.65
2024-06-01 12:48:00,-16.48
2024-06-01 12:49:00,-16.54
2024-06-01 12:50:00,-16.61
2024-06-01 12:51:00,-16.60
2024-06-01 12:52:00,-16.44
2024-06-01 12:53:00,-16.43
2024-06-01 12:54:00,-16.30
2024-06-01 12:55:00,-16.51
2024-06-01 12:56:00,-16.39
2024-06-01 12:57:00,-16.49
2024-06-01 12:58:00,-16.40
2024-06-01 12:59:00,-16.41
2024-06-01 13:00:00,-16.33
2024-06-01 13:01:00,-16.51
2024-06-01 13:02:00,-16.52
2024-06-01 13:03:00,-16.52
2024-06-01 13:04:00,-16.52
2024-06-01 13:05:00,-16.50
2024-06-01 13:06:00,-16.61
2024-06-01 13:07:00,-16.54
2024-06-01 13:08:00,-16.69
2024-06-01 13:09:00,-16.55
2024-06-01 13:10:00,-16.55
2024-06-01 13:11:00,-16.56
2024-06-01 13:12:00,-16.75
2024-06-01 13:13:00,-16.75
2024-06-01 13:14:00,-16.56
2024-06-01 13:15:00,-16.72
2024-06-01 13:16:00,-16.67
2024-06-01 13:17:00,-16.71
2024-06-01 13:18:00,-16.69
2024-06-01 13:19:00,-16.54
2024-06-01 13:20:00,-16.66
2024-06-01 13:21:00,-16.50
2024-06-01 13:22:00,-16.52
2024-06-01 13:23:00,-16.45
2024-06-01 13:24:00,-16.41
2024-06-01 13:25:00,-16.36
2024-06-01 13:26:00,-16.38
2024-06-01 13:27:00,-16.19
2024-06-01 13:28:00,-16.22
2024-06-01 13:29:00,-16.23
2024-06-01 13:30:00,-14.63
2024-06-01 13:31:00,-15.25
2024-06-01 13:32:00,-15.76
2024-06-01 13:33:00,-15.87
2024-06-01 13:34:00,-15.92
2024-06-01 13:35:00,-16.25
2024-06-01 13:36:00,-16.12
2024-06-01 13:37:00,-16.31
2024-06-01 13:38:00,-16.21
2024-06-01 13:39:00,-16.32
2024-06-01 13:40:00,-16.40
2024-06-01 13:41:00,-16.41
2024-06-01 13:42:00,-16.51
2024-06-01 13:43:00,-16.38
2024-06-01 13:44:00,-16.38
2024-06-01 13:45:00,-16.49
2024-06-01 13:46:00,-16.46
2024-06-01 13:47:00,-16.52
2024-06-01 13:48:00,-16.46
2024-06-01 13:49:00,-16.44
2024-06-01 13:50:00,-16.59
2024-06-01 13:51:00,-16.38
2024-06-01 13:52:00,-16.57
2024-06-01 13:53:00,-16.51
2024-06-01 13:54:00,-16.32
2024-06-01 13:55:00,-16.49
2024-06-01 13:56:00,-16.28
2024-06-01 13:57:00,-16.31
2024-06-01 13:58:00,-16.36
2024-06-01 13:59:00,-16.28
2024-06-01 14:00:00,-16.18
2024-06-01 14:01:00,-16.17
2024-06-01 14:02:00,-16.18
2024-06-01 14:03:00,-16.01
2024-06-01 14:04:00,-16.09
2024-06-01 14:05:00,-15.97
2024-06-01 14:06:00,-16.01
2024-06-01 14:07:00,-16.16
2024-06-01 14:08:00,-15.95
2024-06-01 14:09:00,-15.98
2024-06-01 14:10:00,-16.14
2024-06-01 14:11:00,-16.17
2024-06-01 14:12:00,-16.18
2024-06-01 14:13:00,-16.20
2024-06-01 14:14:00,-16.20
2024-06-01 14:15:00,-16.08
2024-06-01 14:16:00,-16.19
2024-06-01 14:17:00,-16.27
2024-06-01 14:18:00,-16.18
2024-06-01 14:19:00,-16.21
2024-06-01 14:20:00,-16.22
2024-06-01 14:21:00,-16.27
2024-06-01 14:22:00,-16.32
2024-06-01 14:23:00,-16.41
2024-06-01 14:24:00,-16.41
2024-06-01 14:25:00,-16.33
2024-06-01 14:26:00,-16.32
2024-06-01 14:27:00,-16.27
2024-06-01 14:28:00,-16.36
2024-06-01 14:29:00,-16.29
2024-06-01 14:30:00,-16.28
2024-06-01 14:31:00,-16.27
2024-06-01 14:32:00,-16.12
2024-06-01 14:33:00,-16.00
2024-06-01 14:34:00,-15.97
2024-06-01 14:35:00,-16.06
2024-06-01 14:36:00,-16.10
2024-06-01 14:37:00,-15.96
2024-06-01 14:38:00,-16.01
2024-06-01 14:39:00,-15.83
2024-06-01 14:40:00,-15.85
2024-06-01 14:41:00,-15.80
2024-06-01 14:42:00,-15.85
2024-06-01 14:43:00,-15.86
2024-06-01 14:44:00,-15.86
2024-06-01 14:45:00,-15.88
2024-06-01 14:46:00,-16.00
2024-06-01 14:47:00,-15.99
2024-06-01 14:48:00,-15.98
2024-06-01 14:49:00,-15.96
2024-06-01 14:50:00,-15.91
2024-06-01 14:51:00,-16.02
2024-06-01 14:52:00,-16.01
2024-06-01 14:53:00,-16.15
2024-06-01 14:54:00,-16.13
2024-06-01 14:55:00,-16.12
2024-06-01 14:56:00,-16.10
2024-06-01 14:57:00,-16.14
2024-06-01 14:58:00,-16.08
2024-06-01 14:59:00,-16.06
2024-06-01 15:00:00,-16.21
2024-06-01 15:01:00,-16.25
2024-06-01 15:02:00,-16.18
2024-06-01 15:03:00,-16.04
2024-06-01 15:04:00,-16.13
2024-06-01 15:05:00,-15.98
2024-06-01 15:06:00,-16.05
2024-06-01 15:07:00,-15.92
2024-06-01 15:08:00,-15.98
2024-06-01 15:09:00,-15.93
2024-06-01 15:10:00,-15.89
2024-06-01 15:11:00,-15.81
2024-06-01 15:12:00,-15.79
2024-06-01 15:13:00,-15.78
2024-06-01 15:14:00,-15.73
2024-06-01 15:15:00,-15.81
2024-06-01 15:16:00,-15.80
2024-06-01 15:17:00,-15.73
2024-06-01 15:18:00,-15.61
2024-06-01 15:19:00,-15.62
2024-06-01 15:20:00,-15.82
2024-06-01 15:21:00,-15.72
2024-06-01 15:22:00,-15.70
2024-06-01 15:23:00,-15.69
2024-06-01 15:24:00,-15.90
2024-06-01 15:25:00,-15.77
2024-06-01 15:26:00,-15.76
2024-06-01 15:27:00,-15.90
2024-06-01 15:28:00,-16.03
2024-06-01 15:29:00,-15.92
2024-06-01 15:30:00,-16.07
2024-06-01 15:31:00,-15.88
2024-06-01 15:32:00,-15.89
2024-06-01 15:33:00,-15.91
2024-06-01 15:34:00,-16.00
2024-06-01 15:35:00,-15.88
2024-06-01 15:36:00,-16.01
2024-06-01 15:37:00,-15.97
2024-06-01 15:38:00,-16.01
2024-06-01 15:39:00,-15.92
2024-06-01 15:40:00,-15.88
2024-06-01 15:41:00,-15.77
2024-06-01 15:42:00,-15.66
2024-06-01 15:43:00,-15.85
2024-06-01 15:44:00,-15.62
2024-06-01 15:45:00,-15.60
2024-06-01 15:46:00,-15.52
2024-06-01 15:47:00,-15.52
2024-06-01 15:48:00,-15.67
2024-06-01 15:49:00,-15.50
2024-06-01 15:50:00,-15.60
2024-06-01 15:51:00,-15.54
2024-06-01 15:52:00,-15.55
2024-06-01 15:53:00,-15.59
2024-06-01 15:54:00,-15.61
2024-06-01 15:55:00,-15.67
2024-06-01 15:56:00,-15.46
2024-06-01 15:57:00,-15.59
2024-06-01 15:58:00,-15.53
2024-06-01 15:59:00,-15.74
2024-06-01 16:00:00,-15.76
2024-06-01 16:01:00,-15.67
2024-06-01 16:02:00,-15.77
2024-06-01 16:03:00,-15.79
2024-06-01 16:04:00,-15.80
2024-06-01 16:05:00,-15.69
2024-06-01 16:06:00,-15.84
2024-06-01 16:07:00,-15.73
2024-06-01 16:08:00,-15.90
2024-06-01 16:09:00,-15.77
2024-06-01 16:10:00,-15.75
2024-06-01 16:11:00,-15.78
2024-06-01 16:12:00,-15.85
2024-06-01 16:13:00,-15.72
2024-06-01 16:14:00,-15.80
2024-06-01 16:15:00,-15.74
2024-06-01 16:16:00,-15.54
2024-06-01 16:17:00,-15.51
2024-06-01 16:18:00,-15.49
2024-06-01 16:19:00,-15.56
2024-06-01 16:20:00,-15.49
2024-06-01 16:21:00,-15.57
2024-06-01 16:22:00,-15.34
2024-06-01 16:23:00,-15.34
2024-06-01 16:24:00,-15.48
2024-06-01 16:25:00,-15.30
2024-06-01 16:26:00,-15.44
2024-06-01 16:27:00,-15.33
2024-06-01 16:28:00,-15.30
2024-06-01 16:29:00,-15.43
2024-06-01 16:30:00,-15.27
2024-06-01 16:31:00,-15.46
2024-06-01 16:32:00,-15.34
2024-06-01 16:33:00,-15.45
2024-06-01 16:34:00,-15.38
2024-06-01 16:35:00,-15.41
2024-06-01 16:36:00,-15.44
2024-06-01 16:37:00,-15.59
2024-06-01 16:38:00,-15.50
2024-06-01 16:39:00,-15.67
2024-06-01 16:40:00,-15.57
2024-06-01 16:41:00,-15.52
2024-06-01 16:42:00,-15.55
2024-06-01 16:43:00,-15.60
2024-06-01 16:44:00,-15.52
2024-06-01 16:45:00,-15.52
2024-06-01 16:46:00,-15.55
2024-06-01 16:47:00,-15.48
2024-06-01 16:48:00,-15.47
2024-06-01 16:49:00,-15.50
2024-06-01 16:50:00,-15.43
2024-06-01 16:51:00,-15.38
2024-06-01 16:52:00,-15.30
2024-06-01 16:53:00,-15.31
2024-06-01 16:54:00,-15.26
2024-06-01 16:55:00,-15.34
2024-06-01 16:56:00,-15.29
2024-06-01 16:57:00,-15.29
2024-06-01 16:58:00,-15.15
2024-06-01 16:59:00,-15.08
2024-06-01 17:00:00,-15.10
2024-06-01 17:01:00,-15.14
2024-06-01 17:02:00,-15.24
2024-06-01 17:03:00,-15.12
2024-06-01 17:04:00,-15.10
2024-06-01 17:05:00,-15.07
2024-06-01 17:06:00,-15.20
2024-06-01 17:07:00,-15.18
2024-06-01 17:08:00,-15.22
2024-06-01 17:09:00,-15.38
2024-06-01 17:10:00,-15.23
2024-06-01 17:11:00,-15.38
2024-06-01 17:12:00,-15.42
2024-06-01 17:13:00,-15.43
2024-06-01 17:14:00,-15.50
2024-06-01 17:15:00,-15.45
2024-06-01 17:16:00,-15.40
2024-06-01 17:17:00,-15.31
2024-06-01 17:18:00,-15.49
2024-06-01 17:19:00,-15.35
2024-06-01 17:20:00,-15.30
2024-06-01 17:21:00,-15.34
2024-06-01 17:22:00,-15.43
2024-06-01 17:23:00,-15.45
2024-06-01 17:24:00,-15.34
2024-06-01 17:25:00,-15.27
2024-06-01 17:26:00,-15.33
2024-06-01 17:27:00,-15.09
2024-06-01 17:28:00,-15.04
2024-06-01 17:29:00,-15.11
2024-06-01 17:30:00,-15.00
2024-06-01 17:31:00,-15.12
2024-06-01 17:32:00,-15.12
2024-06-01 17:33:00,-14.99
2024-06-01 17:34:00,-15.01
2024-06-01 17:35:00,-14.84
2024-06-01 17:36:00,-14.95
2024-06-01 17:37:00,-15.07
2024-06-01 17:38:00,-15.05
2024-06-01 17:39:00,-14.93
2024-06-01 17:40:00,-14.91
2024-06-01 17:41:00,-15.02
2024-06-01 17:42:00,-15.14
2024-06-01 17:43:00,-15.15
2024-06-01 17:44:00,-15.01
2024-06-01 17:45:00,-15.13
2024-06-01 17:46:00,-15.07
2024-06-01 17:47:00,-15.13
2024-06-01 17:48:00,-15.23
2024-06-01 17:49:00,-15.19
2024-06-01 17:50:00,-15.31
2024-06-01 17:51:00,-15.28
2024-06-01 17:52:00,-15.13
2024-06-01 17:53:00,-15.21
2024-06-01 17:54:00,-15.12
2024-06-01 17:55:00,-15.09
2024-06-01 17:56:00,-15.21
2024-06-01 17:57:00,-15.13
2024-06-01 17:58:00,-15.09
2024-06-01 17:59:00,-15.10
2024-06-01 18:00:00,-15.16
2024-06-01 18:01:00,-15.00
2024-06-01 18:02:00,-15.12
2024-06-01 18:03:00,-14.98
2024-06-01 18:04:00,-14.89
2024-06-01 18:05:00,-15.00
2024-06-01 18:06:00,-14.90
2024-06-01 18:07:00,-14.81
2024-06-01 18:08:00,-14.83
2024-06-01 18:09:00,-14.87
2024-06-01 18:10:00,-14.85
2024-06-01 18:11:00,-14.75
2024-06-01 18:12:00,-14.69
2024-06-01 18:13:00,-14.85
2024-06-01 18:14:00,-14.76
2024-06-01 18:15:00,-14.88
2024-06-01 18:16:00,-14.75
2024-06-01 18:17:00,-14.95
2024-06-01 18:18:00,-14.79
2024-06-01 18:19:00,-15.06
2024-06-01 18:20:00,-14.87
2024-06-01 18:21:00,-15.12
2024-06-01 18:22:00,-14.91
2024-06-01 18:23:00,-15.15
2024-06-01 18:24:00,-15.15
2024-06-01 18:25:00,-15.13
2024-06-01 18:26:00,-15.19
2024-06-01 18:27:00,-15.15
2024-06-01 18:28:00,-15.14
2024-06-01 18:29:00,-15.11
2024-06-01 18:30:00,-15.17
2024-06-01 18:31:00,-14.97
2024-06-01 18:32:00,-15.11
2024-06-01 18:33:00,-15.14
2024-06-01 18:34:00,-14.96
2024-06-01 18:35:00,-15.00
2024-06-01 18:36:00,-14.83
2024-06-01 18:37:00,-14.83
2024-06-01 18:38:00,-14.78
2024-06-01 18:39:00,-14.92
2024-06-01 18:40:00,-14.73
2024-06-01 18:41:00,-14.74
2024-06-01 18:42:00,-14.86
2024-06-01 18:43:00,-14.82
2024-06-01 18:44:00,-14.78
2024-06-01 18:45:00,-14.60
2024-06-01 18:46:00,-14.77
2024-06-01 18:47:00,-14.59
2024-06-01 18:48:00,-14.68
2024-06-01 18:49:00,-14.71
2024-06-01 18:50:00,-14.80
2024-06-01 18:51:00,-14.69
2024-06-01 18:52:00,-14.75
2024-06-01 18:53:00,-14.81
2024-06-01 18:54:00,-14.74
2024-06-01 18:55:00,-14.79
2024-06-01 18:56:00,-14.90
2024-06-01 18:57:00,-14.84
2024-06-01 18:58:00,-15.04
2024-06-01 18:59:00,-15.05
2024-06-01 19:00:00,-14.91
2024-06-01 19:01:00,-15.09
2024-06-01 19:02:00,-14.88
2024-06-01 19:03:00,-14.91
2024-06-01 19:04:00,-14.95
2024-06-01 19:05:00,-15.07
2024-06-01 19:06:00,-15.01
2024-06-01 19:07:00,-15.00
2024-06-01 19:08:00,-14.88
2024-06-01 19:09:00,-14.76
2024-06-01 19:10:00,-14.82
2024-06-01 19:11:00,-14.75
2024-06-01 19:12:00,-14.75
2024-06-01 19:13:00,-14.75
2024-06-01 19:14:00,-14.80
2024-06-01 19:15:00,-14.73
2024-06-01 19:16:00,-14.64
2024-06-01 19:17:00,-14.59
2024-06-01 19:18:00,-14.62
2024-06-01 19:19:00,-14.54
2024-06-01 19:20:00,-14.66
2024-06-01 19:21:00,-14.48
2024-06-01 19:22:00,-14.67
2024-06-01 19:23:00,-14.68
2024-06-01 19:24:00,-14.60
2024-06-01 19:25:00,-14.62
2024-06-01 19:26:00,-14.66
2024-06-01 19:27:00,-14.67
2024-06-01 19:28:00,-14.78
2024-06-01 19:29:00,-14.68
2024-06-01 19:30:00,-14.62
2024-06-01 19:31:00,-14.78
2024-06-01 19:32:00,-14.68
2024-06-01 19:33:00,-14.72
2024-06-01 19:34:00,-14.80
2024-06-01 19:35:00,-14.77
2024-06-01 19:36:00,-14.88
2024-06-01 19:37:00,-14.71
2024-06-01 19:38:00,-14.75
2024-06-01 19:39:00,-14.92
2024-06-01 19:40:00,-14.72
2024-06-01 19:41:00,-14.72
2024-06-01 19:42:00,-14.83
2024-06-01 19:43:00,-14.67
2024-06-01 19:44:00,-14.60
2024-06-01 19:45:00,-14.55
2024-06-01 19:46:00,-14.69
2024-06-01 19:47:00,-14.73
2024-06-01 19:48:00,-14.68
2024-06-01 19:49:00,-14.49
2024-06-01 19:50:00,-14.60
2024-06-01 19:51:00,-14.43
2024-06-01 19:52:00,-14.52
2024-06-01 19:53:00,-14.32
2024-06-01 19:54:00,-14.49
2024-06-01 19:55:00,-14.41
2024-06-01 19:56:00,-14.26
2024-06-01 19:57:00,-14.32
2024-06-01 19:58:00,-14.30
2024-06-01 19:59:00,-14.42
2024-06-01 20:00:00,-14.35
2024-06-01 20:01:00,-14.48
2024-06-01 20:02:00,-14.37
2024-06-01 20:03:00,-14.37
2024-06-01 20:04:00,-14.40
2024-06-01 20:05:00,-14.58
2024-06-01 20:06:00,-14.54
2024-06-01 20:07:00,-14.54
2024-06-01 20:08:00,-14.54
2024-06-01 20:09:00,-14.67
2024-06-01 20:10:00,-14.71
2024-06-01 20:11:00,-14.70
2024-06-01 20:12:00,-14.55
2024-06-01 20:13:00,-14.59
2024-06-01 20:14:00,-14.55
2024-06-01 20:15:00,-14.70
2024-06-01 20:16:00,-14.69
2024-06-01 20:17:00,-14.58
2024-06-01 20:18:00,-14.64
2024-06-01 20:19:00,-14.54
2024-06-01 20:20:00,-14.56
2024-06-01 20:21:00,-14.37
2024-06-01 20:22:00,-14.46
2024-06-01 20:23:00,-14.26
2024-06-01 20:24:00,-14.26
2024-06-01 20:25:00,-14.21
2024-06-01 20:26:00,-14.33
2024-06-01 20:27:00,-14.17
2024-06-01 20:28:00,-14.23
2024-06-01 20:29:00,-14.15
2024-06-01 20:30:00,-14.27
2024-06-01 20:31:00,-14.13
2024-06-01 20:32:00,-14.29
2024-06-01 20:33:00,-14.16
2024-06-01 20:34:00,-14.12
2024-06-01 20:35:00,-14.14
2024-06-01 20:36:00,-14.12
2024-06-01 20:37:00,-14.31
2024-06-01 20:38:00,-14.34
2024-06-01 20:39:00,-14.25
2024-06-01 20:40:00,-14.37
2024-06-01 20:41:00,-14.31
2024-06-01 20:42:00,-14.46
2024-06-01 20:43:00,-14.49
2024-06-01 20:44:00,-14.48
2024-06-01 20:45:00,-14.46
2024-06-01 20:46:00,-14.45
2024-06-01 20:47:00,-14.46
2024-06-01 20:48:00,-14.51
2024-06-01 20:49:00,-14.34
2024-06-01 20:50:00,-14.31
2024-06-01 20:51:00,-14.52
2024-06-01 20:52:00,-14.28
2024-06-01 20:53:00,-14.32
2024-06-01 20:54:00,-14.26
2024-06-01 20:55:00,-14.33
2024-06-01 20:56:00,-14.31
2024-06-01 20:57:00,-14.09
2024-06-01 20:58:00,-14.18
2024-06-01 20:59:00,-14.03
2024-06-01 21:00:00,-14.02
2024-06-01 21:01:00,-14.02
2024-06-01 21:02:00,-13.96
2024-06-01 21:03:00,-13.97
2024-06-01 21:04:00,-13.93
2024-06-01 21:05:00,-13.88
2024-06-01 21:06:00,-13.85
2024-06-01 21:07:00,-14.00
2024-06-01 21:08:00,-13.96
2024-06-01 21:09:00,-13.96
2024-06-01 21:10:00,-14.12
2024-06-01 21:11:00,-14.07
2024-06-01 21:12:00,-13.97
2024-06-01 21:13:00,-14.00
2024-06-01 21:14:00,-14.09
2024-06-01 21:15:00,-14.10
2024-06-01 21:16:00,-14.14
2024-06-01 21:17:00,-14.13
2024-06-01 21:18:00,-14.30
2024-06-01 21:19:00,-14.14
2024-06-01 21:20:00,-14.11
2024-06-01 21:21:00,-14.20
2024-06-01 21:22:00,-14.32
2024-06-01 21:23:00,-14.21
2024-06-01 21:24:00,-14.26
2024-06-01 21:25:00,-14.26
2024-06-01 21:26:00,-14.20
2024-06-01 21:27:00,-14.24
2024-06-01 21:28:00,-14.10
2024-06-01 21:29:00,-14.16
2024-06-01 21:30:00,-14.01
2024-06-01 21:31:00,-13.93
2024-06-01 21:32:00,-13.97
2024-06-01 21:33:00,-13.83
2024-06-01 21:34:00,-13.83
2024-06-01 21:35:00,-13.77
2024-06-01 21:36:00,-13.84
2024-06-01 21:37:00,-13.90
2024-06-01 21:38:00,-13.85
2024-06-01 21:39:00,-13.65
2024-06-01 21:40:00,-13.85
2024-06-01 21:41:00,-13.70
2024-06-01 21:42:00,-13.84
2024-06-01 21:43:00,-13.84
2024-06-01 21:44:00,-13.85
2024-06-01 21:45:00,-13.67
2024-06-01 21:46:00,-13.82
2024-06-01 21:47:00,-13.79
2024-06-01 21:48:00,-13.84
2024-06-01 21:49:00,-13.95
2024-06-01 21:50:00,-13.80
2024-06-01 21:51:00,-13.83
2024-06-01 21:52:00,-13.90
2024-06-01 21:53:00,-14.04
2024-06-01 21:54:00,-13.89
2024-06-01 21:55:00,-14.06
2024-06-01 21:56:00,-14.05
2024-06-01 21:57:00,-14.10
2024-06-01 21:58:00,-13.85
2024-06-01 21:59:00,-14.02
2024-06-01 22:00:00,-13.93
2024-06-01 22:01:00,-13.99
2024-06-01 22:02:00,-13.99
2024-06-01 22:03:00,-13.93
2024-06-01 22:04:00,-13.72
2024-06-01 22:05:00,-13.89
2024-06-01 22:06:00,-13.81
2024-06-01 22:07:00,-13.65
2024-06-01 22:08:00,-13.76
2024-06-01 22:09:00,-13.55
2024-06-01 22:10:00,-13.50
2024-06-01 22:11:00,-13.69
2024-06-01 22:12:00,-13.44
2024-06-01 22:13:00,-13.50
2024-06-01 22:14:00,-13.50
2024-06-01 22:15:00,-13.50
2024-06-01 22:16:00,-13.38
2024-06-01 22:17:00,-13.58
2024-06-01 22:18:00,-13.38
2024-06-01 22:19:00,-13.39
2024-06-01 22:20:00,-13.50
2024-06-01 22:21:00,-13.51
2024-06-01 22:22:00,-13.51
2024-06-01 22:23:00,-13.60
2024-06-01 22:24:00,-13.70
2024-06-01 22:25:00,-13.74
2024-06-01 22:26:00,-13.62
2024-06-01 22:27:00,-13.76
2024-06-01 22:28:00,-13.68
2024-06-01 22:29:00,-13.81
2024-06-01 22:30:00,-13.79
2024-06-01 22:31:00,-13.61
2024-06-01 22:32:00,-13.65
2024-06-01 22:33:00,-13.63
2024-06-01 22:34:00,-13.81
2024-06-01 22:35:00,-13.81
2024-06-01 22:36:00,-13.74
2024-06-01 22:37:00,-13.69
2024-06-01 22:38:00,-13.58
2024-06-01 22:39:00,-13.45
2024-06-01 22:40:00,-13.62
2024-06-01 22:41:00,-13.43
2024-06-01 22:42:00,-13.55
2024-06-01 22:43:00,-13.51
2024-06-01 22:44:00,-13.38
2024-06-01 22:45:00,-13.24
2024-06-01 22:46:00,-13.29
2024-06-01 22:47:00,-13.19
2024-06-01 22:48:00,-13.32
2024-06-01 22:49:00,-13.21
2024-06-01 22:50:00,-13.30
2024-06-01 22:51:00,-13.25
2024-06-01 22:52:00,-13.22
2024-06-01 22:53:00,-13.16
2024-06-01 22:54:00,-13.17
2024-06-01 22:55:00,-13.28
2024-06-01 22:56:00,-13.28
2024-06-01 22:57:00,-13.20
2024-06-01 22:58:00,-13.26
2024-06-01 22:59:00,-13.36
2024-06-01 23:00:00,-13.31
2024-06-01 23:01:00,-13.30
2024-06-01 23:02:00,-13.53
2024-06-01 23:03:00,-13.53
2024-06-01 23:04:00,-13.56
2024-06-01 23:05:00,-13.53
2024-06-01 23:06:00,-13.37
2024-06-01 23:07:00,-13.45
2024-06-01 23:08:00,-13.52
2024-06-01 23:09:00,-13.38
2024-06-01 23:10:00,-13.40
2024-06-01 23:11:00,-13.38
2024-06-01 23:12:00,-13.41
2024-06-01 23:13:00,-13.23
2024-06-01 23:14:00,-13.24
2024-06-01 23:15:00,-13.36
2024-06-01 23:16:00,-13.32
2024-06-01 23:17:00,-13.30
2024-06-01 23:18:00,-13.26
2024-06-01 23:19:00,-13.04
2024-06-01 23:20:00,-13.02
2024-06-01 23:21:00,-13.12
2024-06-01 23:22:00,-13.00
2024-06-01 23:23:00,-12.98
2024-06-01 23:24:00,-12.97
2024-06-01 23:25:00,-12.90
2024-06-01 23:26:00,-12.84
2024-06-01 23:27:00,-13.07
2024-06-01 23:28:00,-12.99
2024-06-01 23:29:00,-13.03
2024-06-01 23:30:00,-12.89
2024-06-01 23:31:00,-13.04
2024-06-01 23:32:00,-13.03
2024-06-01 23:33:00,-12.94
2024-06-01 23:34:00,-12.98
2024-06-01 23:35:00,-13.08
2024-06-01 23:36:00,-13.23
2024-06-01 23:37:00,-13.18
2024-06-01 23:38:00,-13.16
2024-06-01 23:39:00,-13.25
2024-06-01 23:40:00,-13.29
2024-06-01 23:41:00,-13.11
2024-06-01 23:42:00,-13.14
2024-06-01 23:43:00,-13.26
2024-06-01 23:44:00,-13.21
2024-06-01 23:45:00,-13.19
2024-06-01 23:46:00,-13.18
2024-06-01 23:47:00,-13.01
2024-06-01 23:48:00,-12.96
2024-06-01 23:49:00,-12.94
2024-06-01 23:50:00,-12.97
2024-06-01 23:51:00,-12.91
2024-06-01 23:52:00,-12.81
2024-06-01 23:53:00,-12.82
2024-06-01 23:54:00,-12.86
2024-06-01 23:55:00,-12.76
2024-06-01 23:56:00,-12.81
2024-06-01 23:57:00,-12.69
2024-06-01 23:58:00,-12.74
2024-06-01 23:59:00,-12.69
2024-06-02 00:00:00,-12.60
2024-06-02 00:01:00,-12.78
2024-06-02 00:02:00,-12.71
2024-06-02 00:03:00,-12.79
2024-06-02 00:04:00,-12.61
2024-06-02 00:05:00,-12.64
2024-06-02 00:06:00,-12.81
2024-06-02 00:07:00,-12.86
2024-06-02 00:08:00,-12.88
2024-06-02 00:09:00,-12.80
2024-06-02 00:10:00,-12.93
2024-06-02 00:11:00,-12.86
2024-06-02 00:12:00,-12.80
2024-06-02 00:13:00,-12.78
2024-06-02 00:14:00,-12.86
2024-06-02 00:15:00,-12.78
2024-06-02 00:16:00,-12.87
2024-06-02 00:17:00,-12.83
2024-06-02 00:18:00,-12.91
2024-06-02 00:19:00,-12.77
2024-06-02 00:20:00,-12.97
2024-06-02 00:21:00,-12.93
2024-06-02 00:22:00,-12.73
2024-06-02 00:23:00,-12.74
2024-06-02 00:24:00,-12.62
2024-06-02 00:25:00,-12.63
2024-06-02 00:26:00,-12.51
2024-06-02 00:27:00,-12.69
2024-06-02 00:28:00,-12.56
2024-06-02 00:29:00,-12.41
2024-06-02 00:30:00,-12.38
2024-06-02 00:31:00,-12.39
2024-06-02 00:32:00,-12.46
2024-06-02 00:33:00,-12.30
2024-06-02 00:34:00,-12.35
2024-06-02 00:35:00,-12.46
2024-06-02 00:36:00,-12.37
2024-06-02 00:37:00,-12.49
2024-06-02 00:38:00,-12.31
2024-06-02 00:39:00,-12.35
2024-06-02 00:40:00,-12.49
2024-06-02 00:41:00,-12.30
2024-06-02 00:42:00,-12.36
2024-06-02 00:43:00,-12.46
2024-06-02 00:44:00,-12.44
2024-06-02 00:45:00,-12.51
2024-06-02 00:46:00,-12.60
2024-06-02 00:47:00,-12.48
2024-06-02 00:48:00,-12.66
2024-06-02 00:49:00,-12.49
2024-06-02 00:50:00,-12.65
2024-06-02 00:51:00,-12.68
2024-06-02 00:52:00,-12.54
2024-06-02 00:53:00,-12.50
2024-06-02 00:54:00,-12.61
2024-06-02 00:55:00,-12.55
2024-06-02 00:56:00,-12.46
2024-06-02 00:57:00,-12.37
2024-06-02 00:58:00,-12.53
2024-06-02 00:59:00,-12.45
2024-06-02 01:00:00,-12.30
2024-06-02 01:01:00,-12.22
2024-06-02 01:02:00,-12.33
2024-06-02 01:03:00,-12.12
2024-06-02 01:04:00,-12.18
2024-06-02 01:05:00,-12.07
2024-06-02 01:06:00,-12.23
2024-06-02 01:07:00,-12.06
2024-06-02 01:08:00,-12.12
2024-06-02 01:09:00,-11.96
2024-06-02 01:10:00,-12.17
2024-06-02 01:11:00,-12.18
2024-06-02 01:12:00,-12.15
2024-06-02 01:13:00,-12.12
2024-06-02 01:14:00,-12.14
2024-06-02 01:15:00,-12.06
2024-06-02 01:16:00,-12.12
2024-06-02 01:17:00,-12.26
2024-06-02 01:18:00,-12.18
2024-06-02 01:19:00,-12.09
2024-06-02 01:20:00,-12.29
2024-06-02 01:21:00,-12.24
2024-06-02 01:22:00,-12.29
2024-06-02 01:23:00,-12.29
2024-06-02 01:24:00,-12.23
2024-06-02 01:25:00,-12.18
2024-06-02 01:26:00,-12.23
2024-06-02 01:27:00,-12.19
2024-06-02 01:28:00,-12.33
2024-06-02 01:29:00,-12.28
2024-06-02 01:30:00,-12.16
2024-06-02 01:31:00,-12.25
2024-06-02 01:32:00,-12.17
2024-06-02 01:33:00,-12.17
2024-06-02 01:34:00,-12.18
2024-06-02 01:35:00,-12.04
2024-06-02 01:36:00,-11.93
2024-06-02 01:37:00,-11.92
2024-06-02 01:38:00,-11.93
2024-06-02 01:39:00,-11.99
2024-06-02 01:40:00,-11.93
2024-06-02 01:41:00,-11.82
2024-06-02 01:42:00,-11.77
2024-06-02 01:43:00,-11.66
2024-06-02 01:44:00,-11.79
2024-06-02 01:45:00,-11.83
2024-06-02 01:46:00,-11.86
2024-06-02 01:47:00,-11.85
2024-06-02 01:48:00,-11.80
2024-06-02 01:49:00,-11.65
2024-06-02 01:50:00,-11.86
2024-06-02 01:51:00,-11.80
2024-06-02 01:52:00,-11.75
2024-06-02 01:53:00,-11.84
2024-06-02 01:54:00,-11.98
2024-06-02 01:55:00,-11.91
2024-06-02 01:56:00,-12.00
2024-06-02 01:57:00,-11.91
2024-06-02 01:58:00,-12.06
2024-06-02 01:59:00,-11.87
2024-06-02 02:00:00,-10.43
2024-06-02 02:01:00,-10.93
2024-06-02 02:02:00,-11.51
2024-06-02 02:03:00,-11.52
2024-06-02 02:04:00,-11.80
2024-06-02 02:05:00,-11.72
2024-06-02 02:06:00,-11.77
2024-06-02 02:07:00,-11.88
2024-06-02 02:08:00,-11.79
2024-06-02 02:09:00,-11.73
2024-06-02 02:10:00,-11.78
2024-06-02 02:11:00,-11.64
2024-06-02 02:12:00,-11.64
2024-06-02 02:13:00,-11.49
2024-06-02 02:14:00,-11.68
2024-06-02 02:15:00,-11.63
2024-06-02 02:16:00,-11.46
2024-06-02 02:17:00,-11.35
2024-06-02 02:18:00,-11.48
2024-06-02 02:19:00,-11.33
2024-06-02 02:20:00,-11.36
2024-06-02 02:21:00,-11.31
2024-06-02 02:22:00,-11.30
2024-06-02 02:23:00,-11.40
2024-06-02 02:24:00,-11.48
2024-06-02 02:25:00,-11.43
2024-06-02 02:26:00,-11.43
2024-06-02 02:27:00,-11.55
2024-06-02 02:28:00,-11.59
2024-06-02 02:29:00,-11.45
2024-06-02 02:30:00,-11.56
2024-06-02 02:31:00,-11.70
2024-06-02 02:32:00,-11.55
2024-06-02 02:33:00,-11.50
2024-06-02 02:34:00,-11.59
2024-06-02 02:35:00,-11.66
2024-06-02 02:36:00,-11.66
2024-06-02 02:37:00,-11.53
2024-06-02 02:38:00,-11.67
2024-06-02 02:39:00,-11.54
2024-06-02 02:40:00,-11.59
2024-06-02 02:41:00,-11.65
2024-06-02 02:42:00,-11.52
2024-06-02 02:43:00,-11.55
2024-06-02 02:44:00,-11.30
2024-06-02 02:45:00,-11.43
2024-06-02 02:46:00,-11.37
2024-06-02 02:47:00,-11.25
2024-06-02 02:48:00,-11.24
2024-06-02 02:49:00,-11.26
2024-06-02 02:50:00,-11.26
2024-06-02 02:51:00,-11.18
2024-06-02 02:52:00,-11.22
2024-06-02 02:53:00,-11.13
2024-06-02 02:54:00,-11.02
2024-06-02 02:55:00,-11.11
2024-06-02 02:56:00,-11.01
2024-06-02 02:57:00,-11.02
2024-06-02 02:58:00,-11.20
2024-06-02 02:59:00,-11.22
2024-06-02 03:00:00,-11.15
2024-06-02 03:01:00,-11.17
2024-06-02 03:02:00,-11.24
2024-06-02 03:03:00,-11.22
2024-06-02 03:04:00,-11.09
2024-06-02 03:05:00,-11.32
2024-06-02 03:06:00,-11.32
2024-06-02 03:07:00,-11.37
2024-06-02 03:08:00,-11.38
2024-06-02 03:09:00,-11.39
2024-06-02 03:10:00,-11.18
2024-06-02 03:11:00,-11.30
2024-06-02 03:12:00,-11.25
2024-06-02 03:13:00,-11.24
2024-06-02 03:14:00,-11.13
2024-06-02 03:15:00,-11.13
2024-06-02 03:16:00,-11.11
2024-06-02 03:17:00,-11.03
2024-06-02 03:18:00,-11.03
2024-06-02 03:19:00,-10.96
2024-06-02 03:20:00,-11.01
2024-06-02 03:21:00,-11.06
2024-06-02 03:22:00,-10.92
2024-06-02 03:23:00,-10.80
2024-06-02 03:24:00,-10.97
2024-06-02 03:25:00,-10.93
2024-06-02 03:26:00,-10.89
2024-06-02 03:27:00,-10.76
2024-06-02 03:28:00,-10.65
2024-06-02 03:29:00,-10.83
2024-06-02 03:30:00,-10.68
2024-06-02 03:31:00,-10.83
2024-06-02 03:32:00,-10.78
2024-06-02 03:33:00,-10.76
2024-06-02 03:34:00,-10.81
2024-06-02 03:35:00,-10.84
2024-06-02 03:36:00,-10.81
2024-06-02 03:37:00,-10.80
2024-06-02 03:38:00,-10.74
2024-06-02 03:39:00,-10.96
2024-06-02 03:40:00,-10.86
2024-06-02 03:41:00,-10.96
2024-06-02 03:42:00,-10.94
2024-06-02 03:43:00,-10.81
2024-06-02 03:44:00,-10.82
2024-06-02 03:45:00,-11.01
2024-06-02 03:46:00,-11.01
2024-06-02 03:47:00,-10.94
2024-06-02 03:48:00,-10.95
2024-06-02 03:49:00,-10.82
2024-06-02 03:50:00,-10.93
2024-06-02 03:51:00,-10.71
2024-06-02 03:52:00,-10.87
2024-06-02 03:53:00,-10.76
2024-06-02 03:54:00,-10.81
2024-06-02 03:55:00,-10.59
2024-06-02 03:56:00,-10.52
2024-06-02 03:57:00,-10.48
2024-06-02 03:58:00,-10.50
2024-06-02 03:59:00,-10.43
2024-06-02 04:00:00,-10.46
2024-06-02 04:01:00,-10.43
2024-06-02 04:02:00,-10.36
2024-06-02 04:03:00,-10.29
2024-06-02 04:04:00,-10.30
2024-06-02 04:05:00,-10.36
2024-06-02 04:06:00,-10.40
2024-06-02 04:07:00,-10.42
2024-06-02 04:08:00,-10.50
2024-06-02 04:09:00,-10.35
2024-06-02 04:10:00,-10.35
2024-06-02 04:11:00,-10.38
2024-06-02 04:12:00,-10.50
2024-06-02 04:13:00,-10.54
2024-06-02 04:14:00,-10.52
2024-06-02 04:15:00,-10.51
2024-06-02 04:16:00,-10.43
2024-06-02 04:17:00,-10.49
2024-06-02 04:18:00,-10.61
2024-06-02 04:19:00,-10.50
2024-06-02 04:20:00,-10.48
2024-06-02 04:21:00,-10.66
2024-06-02 04:22:00,-10.56
2024-06-02 04:23:00,-10.47
2024-06-02 04:24:00,-10.46
2024-06-02 04:25:00,-10.49
2024-06-02 04:26:00,-10.40
2024-06-02 04:27:00,-10.53
2024-06-02 04:28:00,-10.42
2024-06-02 04:29:00,-10.25
2024-06-02 04:30:00,-10.38
2024-06-02 04:31:00,-10.26
2024-06-02 04:32:00,-10.23
2024-06-02 04:33:00,-10.14
2024-06-02 04:34:00,-10.07
2024-06-02 04:35:00,-10.16
2024-06-02 04:36:00,-10.16
2024-06-02 04:37:00,-10.08
2024-06-02 04:38:00,-10.01
2024-06-02 04:39:00,-10.05
2024-06-02 04:40:00,-9.91
2024-06-02 04:41:00,-9.96
2024-06-02 04:42:00,-10.09
2024-06-02 04:43:00,-10.08
2024-06-02 04:44:00,-9.92
2024-06-02 04:45:00,-10.06
2024-06-02 04:46:00,-9.98
2024-06-02 04:47:00,-10.05
2024-06-02 04:48:00,-10.01
2024-06-02 04:49:00,-10.10
2024-06-02 04:50:00,-10.14
2024-06-02 04:51:00,-10.09
2024-06-02 04:52:00,-10.10
2024-06-02 04:53:00,-10.27
2024-06-02 04:54:00,-10.17
2024-06-02 04:55:00,-10.25
2024-06-02 04:56:00,-10.11
2024-06-02 04:57:00,-10.14
2024-06-02 04:58:00,-10.16
2024-06-02 04:59:00,-10.06
2024-06-02 05:00:00,-10.05
2024-06-02 05:01:00,-9.97
2024-06-02 05:02:00,-10.17
2024-06-02 05:03:00,-10.01
2024-06-02 05:04:00,-9.93
2024-06-02 05:05:00,-9.98
2024-06-02 05:06:00,-9.78
2024-06-02 05:07:00,-9.89
2024-06-02 05:08:00,-9.75
2024-06-02 05:09:00,-9.86
2024-06-02 05:10:00,-9.67
2024-06-02 05:11:00,-9.68
2024-06-02 05:12:00,-9.70
2024-06-02 05:13:00,-9.77
2024-06-02 05:14:00,-9.74
2024-06-02 05:15:00,-9.60
2024-06-02 05:16:00,-9.56
2024-06-02 05:17:00,-9.52
2024-06-02 05:18:00,-9.61
2024-06-02 05:19:00,-9.59
2024-06-02 05:20:00,-9.78
2024-06-02 05:21:00,-9.66
2024-06-02 05:22:00,-9.75
2024-06-02 05:23:00,-9.73
2024-06-02 05:24:00,-9.79
2024-06-02 05:25:00,-9.68
2024-06-02 05:26:00,-9.76
2024-06-02 05:27:00,-9.84
2024-06-02 05:28:00,-9.91
2024-06-02 05:29:00,-9.94
2024-06-02 05:30:00,-9.82
2024-06-02 05:31:00,-9.93
2024-06-02 05:32:00,-9.79
2024-06-02 05:33:00,-9.88
2024-06-02 05:34:00,-9.85
2024-06-02 05:35:00,-9.64
2024-06-02 05:36:00,-9.76
2024-06-02 05:37:00,-9.77
2024-06-02 05:38:00,-9.61
2024-06-02 05:39:00,-9.51
2024-06-02 05:40:00,-9.68
2024-06-02 05:41:00,-9.56
2024-06-02 05:42:00,-9.42
2024-06-02 05:43:00,-9.39
2024-06-02 05:44:00,-9.32
2024-06-02 05:45:00,-9.37
2024-06-02 05:46:00,-9.44
2024-06-02 05:47:00,-9.25
2024-06-02 05:48:00,-9.25
2024-06-02 05:49:00,-9.25
2024-06-02 05:50:00,-9.32
2024-06-02 05:51:00,-9.14
2024-06-02 05:52:00,-9.37
2024-06-02 05:53:00,-9.20
2024-06-02 05:54:00,-9.20
2024-06-02 05:55:00,-9.27
2024-06-02 05:56:00,-9.34
2024-06-02 05:57:00,-9.39
2024-06-02 05:58:00,-9.41
2024-06-02 05:59:00,-9.45
2024-06-02 06:00:00,-9.38
2024-06-02 06:01:00,-9.30
2024-06-02 06:02:00,-9.53
2024-06-02 06:03:00,-9.50
2024-06-02 06:04:00,-9.34
2024-06-02 06:05:00,-9.44
2024-06-02 06:06:00,-9.54
2024-06-02 06:07:00,-9.54
2024-06-02 06:08:00,-9.41
2024-06-02 06:09:00,-9.45
2024-06-02 06:10:00,-9.34
2024-06-02 06:11:00,-9.24
2024-06-02 06:12:00,-9.26
2024-06-02 06:13:00,-9.37
2024-06-02 06:14:00,-9.24
2024-06-02 06:15:00,-9.29
2024-06-02 06:16:00,-9.09
2024-06-02 06:17:00,-9.16
2024-06-02 06:18:00,-9.03
2024-06-02 06:19:00,-9.08
2024-06-02 06:20:00,-9.01
2024-06-02 06:21:00,-9.06
2024-06-02 06:22:00,-8.80
2024-06-02 06:23:00,-8.92
2024-06-02 06:24:00,-8.81
2024-06-02 06:25:00,-8.95
2024-06-02 06:26:00,-8.76
2024-06-02 06:27:00,-8.82
2024-06-02 06:28:00,-9.00
2024-06-02 06:29:00,-8.96
2024-06-02 06:30:00,-8.94
2024-06-02 06:31:00,-9.03
2024-06-02 06:32:00,-8.91
2024-06-02 06:33:00,-9.03
2024-06-02 06:34:00,-9.05
2024-06-02 06:35:00,-9.12
2024-06-02 06:36:00,-9.07
2024-06-02 06:37:00,-9.11
2024-06-02 06:38:00,-9.14
2024-06-02 06:39:00,-9.11
2024-06-02 06:40:00,-9.13
2024-06-02 06:41:00,-9.05
2024-06-02 06:42:00,-8.94
2024-06-02 06:43:00,-8.92
2024-06-02 06:44:00,-9.02
2024-06-02 06:45:00,-9.05
2024-06-02 06:46:00,-8.95
2024-06-02 06:47:00,-8.88
2024-06-02 06:48:00,-8.88
2024-06-02 06:49:00,-8.88
2024-06-02 06:50:00,-8.78
2024-06-02 06:51:00,-8.84
2024-06-02 06:52:00,-8.73
2024-06-02 06:53:00,-8.74
2024-06-02 06:54:00,-8.51
2024-06-02 06:55:00,-8.63
2024-06-02 06:56:00,-8.48
2024-06-02 06:57:00,-8.56
2024-06-02 06:58:00,-8.52
2024-06-02 06:59:00,-8.49
2024-06-02 07:00:00,-8.41
2024-06-02 07:01:00,-8.37
2024-06-02 07:02:00,-8.48
2024-06-02 07:03:00,-8.52
2024-06-02 07:04:00,-8.45
2024-06-02 07:05:00,-8.41
2024-06-02 07:06:00,-8.45
2024-06-02 07:07:00,-8.46
2024-06-02 07:08:00,-8.67
2024-06-02 07:09:00,-8.71
2024-06-02 07:10:00,-8.65
2024-06-02 07:11:00,-8.69
2024-06-02 07:12:00,-8.58
2024-06-02 07:13:00,-8.56
2024-06-02 07:14:00,-8.74
2024-06-02 07:15:00,-8.65
2024-06-02 07:16:00,-8.69
2024-06-02 07:17:00,-8.55
2024-06-02 07:18:00,-8.69
2024-06-02 07:19:00,-8.66
2024-06-02 07:20:00,-8.52
2024-06-02 07:21:00,-8.43
2024-06-02 07:22:00,-8.60
2024-06-02 07:23:00,-8.52
2024-06-02 07:24:00,-8.33
2024-06-02 07:25:00,-8.31
2024-06-02 07:26:00,-8.34
2024-06-02 07:27:00,-8.24
2024-06-02 07:28:00,-8.13
2024-06-02 07:29:00,-8.18
2024-06-02 07:30:00,-8.26
2024-06-02 07:31:00,-8.15
2024-06-02 07:32:00,-8.19
2024-06-02 07:33:00,-8.03
2024-06-02 07:34:00,-8.17
2024-06-02 07:35:00,-8.04
2024-06-02 07:36:00,-8.02
2024-06-02 07:37:00,-8.20
2024-06-02 07:38:00,-7.99
2024-06-02 07:39:00,-8.17
2024-06-02 07:40:00,-8.13
2024-06-02 07:41:00,-8.13
2024-06-02 07:42:00,-8.20
2024-06-02 07:43:00,-8.10
2024-06-02 07:44:00,-8.31
2024-06-02 07:45:00,-8.13
2024-06-02 07:46:00,-8.30
2024-06-02 07:47:00,-8.28
2024-06-02 07:48:00,-8.36
2024-06-02 07:49:00,-8.26
2024-06-02 07:50:00,-8.20
2024-06-02 07:51:00,-8.22
2024-06-02 07:52:00,-8.34
2024-06-02 07:53:00,-8.11
2024-06-02 07:54:00,-8.07
2024-06-02 07:55:00,-8.25
2024-06-02 07:56:00,-8.12
2024-06-02 07:57:00,-8.03
2024-06-02 07:58:00,-7.96
2024-06-02 07:59:00,-8.04
2024-06-02 08:00:00,-7.99
2024-06-02 08:01:00,-7.80
2024-06-02 08:02:00,-7.86
2024-06-02 08:03:00,-7.89
2024-06-02 08:04:00,-7.72
2024-06-02 08:05:00,-7.83
2024-06-02 08:06:00,-7.68
2024-06-02 08:07:00,-7.71
2024-06-02 08:08:00,-7.80
2024-06-02 08:09:00,-7.63
2024-06-02 08:10:00,-7.64
2024-06-02 08:11:00,-7.79
2024-06-02 08:12:00,-7.62
2024-06-02 08:13:00,-7.80
2024-06-02 08:14:00,-7.72
2024-06-02 08:15:00,-7.69
2024-06-02 08:16:00,-7.69
2024-06-02 08:17:00,-7.74
2024-06-02 08:18:00,-7.83
2024-06-02 08:19:00,-7.72
2024-06-02 08:20:00,-7.83
2024-06-02 08:21:00,-7.89
2024-06-02 08:22:00,-7.78
2024-06-02 08:23:00,-7.80
2024-06-02 08:24:00,-7.90
2024-06-02 08:25:00,-7.88
2024-06-02 08:26:00,-7.80
2024-06-02 08:27:00,-7.74
2024-06-02 08:28:00,-7.81
2024-06-02 08:29:00,-7.79
2024-06-02 08:30:00,-7.64
2024-06-02 08:31:00,-7.62
2024-06-02 08:32:00,-7.57
2024-06-02 08:33:00,-7.68
2024-06-02 08:34:00,-7.61
2024-06-02 08:35:00,-7.44
2024-06-02 08:36:00,-7.48
2024-06-02 08:37:00,-7.57
2024-06-02 08:38:00,-7.51
2024-06-02 08:39:00,-7.34
2024-06-02 08:40:00,-7.43
2024-06-02 08:41:00,-7.30
2024-06-02 08:42:00,-7.24
2024-06-02 08:43:00,-7.34
2024-06-02 08:44:00,-7.15
2024-06-02 08:45:00,-7.35
2024-06-02 08:46:00,-7.36
2024-06-02 08:47:00,-7.25
2024-06-02 08:48:00,-7.29
2024-06-02 08:49:00,-7.28
2024-06-02 08:50:00,-7.36
2024-06-02 08:51:00,-7.22
2024-06-02 08:52:00,-7.40
2024-06-02 08:53:00,-7.44
2024-06-02 08:54:00,-7.35
2024-06-02 08:55:00,-7.29
2024-06-02 08:56:00,-7.54
2024-06-02 08:57:00,-7.44
2024-06-02 08:58:00,-7.35
2024-06-02 08:59:00,-7.40
2024-06-02 09:00:00,-7.42
2024-06-02 09:01:00,-7.47
2024-06-02 09:02:00,-7.35
2024-06-02 09:03:00,-7.28
2024-06-02 09:04:00,-7.27
2024-06-02 09:05:00,-7.37
2024-06-02 09:06:00,-7.38
2024-06-02 09:07:00,-7.33
2024-06-02 09:08:00,-7.28
2024-06-02 09:09:00,-7.08
2024-06-02 09:10:00,-7.06
2024-06-02 09:11:00,-7.17
2024-06-02 09:12:00,-6.96
2024-06-02 09:13:00,-7.06
2024-06-02 09:14:00,-7.08
2024-06-02 09:15:00,-6.83
2024-06-02 09:16:00,-6.80
2024-06-02 09:17:00,-6.80
2024-06-02 09:18:00,-6.79
2024-06-02 09:19:00,-6.75
2024-06-02 09:20:00,-6.83
2024-06-02 09:21:00,-6.88
2024-06-02 09:22:00,-6.82
2024-06-02 09:23:00,-6.80
2024-06-02 09:24:00,-6.90
2024-06-02 09:25:00,-6.88
2024-06-02 09:26:00,-6.90
2024-06-02 09:27:00,-6.89
2024-06-02 09:28:00,-6.82
2024-06-02 09:29:00,-6.93
2024-06-02 09:30:00,-6.97
2024-06-02 09:31:00,-7.05
2024-06-02 09:32:00,-6.99
2024-06-02 09:33:00,-6.92
2024-06-02 09:34:00,-6.96
2024-06-02 09:35:00,-6.99
2024-06-02 09:36:00,-6.98
2024-06-02 09:37:00,-7.02
2024-06-02 09:38:00,-6.95
2024-06-02 09:39:00,-6.95
2024-06-02 09:40:00,-6.99
2024-06-02 09:41:00,-6.87
2024-06-02 09:42:00,-6.78
2024-06-02 09:43:00,-6.79
2024-06-02 09:44:00,-6.73
2024-06-02 09:45:00,-6.69
2024-06-02 09:46:00,-6.60
2024-06-02 09:47:00,-6.61
2024-06-02 09:48:00,-6.44
2024-06-02 09:49:00,-6.51
2024-06-02 09:50:00,-6.59
2024-06-02 09:51:00,-6.48
2024-06-02 09:52:00,-6.35
2024-06-02 09:53:00,-6.50
2024-06-02 09:54:00,-6.40
2024-06-02 09:55:00,-6.48
2024-06-02 09:56:00,-6.36
2024-06-02 09:57:00,-6.35
2024-06-02 09:58:00,-6.36
2024-06-02 09:59:00,-6.52
2024-06-02 10:00:00,-6.53
2024-06-02 10:01:00,-6.38
2024-06-02 10:02:00,-6.38
2024-06-02 10:03:00,-6.63
2024-06-02 10:04:00,-6.45
2024-06-02 10:05:00,-6.55
2024-06-02 10:06:00,-6.45
2024-06-02 10:07:00,-6.63
2024-06-02 10:08:00,-6.65
2024-06-02 10:09:00,-6.63
2024-06-02 10:10:00,-6.66
2024-06-02 10:11:00,-6.63
2024-06-02 10:12:00,-6.67
2024-06-02 10:13:00,-6.50
2024-06-02 10:14:00,-6.55
2024-06-02 10:15:00,-6.44
2024-06-02 10:16:00,-6.32
2024-06-02 10:17:00,-6.48
2024-06-02 10:18:00,-6.37
2024-06-02 10:19:00,-6.37
2024-06-02 10:20:00,-6.20
2024-06-02 10:21:00,-6.16
2024-06-02 10:22:00,-6.25
2024-06-02 10:23:00,-6.13
2024-06-02 10:24:00,-6.07
2024-06-02 10:25:00,-6.06
2024-06-02 10:26:00,-6.06
2024-06-02 10:27:00,-5.95
2024-06-02 10:28:00,-5.88
2024-06-02 10:29:00,-5.90
2024-06-02 10:30:00,-6.05
2024-06-02 10:31:00,-5.90
2024-06-02 10:32:00,-6.02
2024-06-02 10:33:00,-6.11
2024-06-02 10:34:00,-5.99
2024-06-02 10:35:00,-6.05
2024-06-02 10:36:00,-6.12
2024-06-02 10:37:00,-5.98
2024-06-02 10:38:00,-5.98
2024-06-02 10:39:00,-6.20
2024-06-02 10:40:00,-6.09
2024-06-02 10:41:00,-6.18
2024-06-02 10:42:00,-6.11
2024-06-02 10:43:00,-6.19
2024-06-02 10:44:00,-6.17
2024-06-02 10:45:00,-6.07
2024-06-02 10:46:00,-6.07
2024-06-02 10:47:00,-6.05
2024-06-02 10:48:00,-6.03
2024-06-02 10:49:00,-6.00
2024-06-02 10:50:00,-5.90
2024-06-02 10:51:00,-5.93
2024-06-02 10:52:00,-5.85
2024-06-02 10:53:00,-5.94
2024-06-02 10:54:00,-5.89
2024-06-02 10:55:00,-5.69
2024-06-02 10:56:00,-5.72
2024-06-02 10:57:00,-5.69
2024-06-02 10:58:00,-5.79
2024-06-02 10:59:00,-5.55
2024-06-02 11:00:00,-5.71
2024-06-02 11:01:00,-5.66
2024-06-02 11:02:00,-5.59
2024-06-02 11:03:00,-5.43
2024-06-02 11:04:00,-5.65
2024-06-02 11:05:00,-5.57
2024-06-02 11:06:00,-5.60
2024-06-02 11:07:00,-5.67
2024-06-02 11:08:00,-5.47
2024-06-02 11:09:00,-5.50
2024-06-02 11:10:00,-5.70
2024-06-02 11:11:00,-5.58
2024-06-02 11:12:00,-5.51
2024-06-02 11:13:00,-5.75
2024-06-02 11:14:00,-5.57
2024-06-02 11:15:00,-5.59
2024-06-02 11:16:00,-5.74
2024-06-02 11:17:00,-5.79
2024-06-02 11:18:00,-5.77
2024-06-02 11:19:00,-5.65
2024-06-02 11:20:00,-5.62
2024-06-02 11:21:00,-5.62
2024-06-02 11:22:00,-5.70
2024-06-02 11:23:00,-5.74
2024-06-02 11:24:00,-5.72
2024-06-02 11:25:00,-5.49
2024-06-02 11:26:00,-5.64
2024-06-02 11:27:00,-5.62
2024-06-02 11:28:00,-5.47
2024-06-02 11:29:00,-5.51
2024-06-02 11:30:00,-5.24
2024-06-02 11:31:00,-5.20
2024-06-02 11:32:00,-5.31
2024-06-02 11:33:00,-5.28
2024-06-02 11:34:00,-5.23
2024-06-02 11:35:00,-5.04
2024-06-02 11:36:00,-5.10
2024-06-02 11:37:00,-5.06
2024-06-02 11:38:00,-5.18
2024-06-02 11:39:00,-5.11
2024-06-02 11:40:00,-5.18
2024-06-02 11:41:00,-5.09
2024-06-02 11:42:00,-5.02
2024-06-02 11:43:00,-5.20
2024-06-02 11:44:00,-5.12
2024-06-02 11:45:00,-5.10
2024-06-02 11:46:00,-5.22
2024-06-02 11:47:00,-5.11
2024-06-02 11:48:00,-5.26
2024-06-02 11:49:00,-5.14
2024-06-02 11:50:00,-5.10
2024-06-02 11:51:00,-5.30
2024-06-02 11:52:00,-5.33
2024-06-02 11:53:00,-5.13
2024-06-02 11:54:00,-5.17
2024-06-02 11:55:00,-5.19
2024-06-02 11:56:00,-5.24
2024-06-02 11:57:00,-5.26
2024-06-02 11:58:00,-5.24
2024-06-02 11:59:00,-5.22
2024-06-02 12:00:00,-5.19
2024-06-02 12:01:00,-5.11
2024-06-02 12:02:00,-5.09
2024-06-02 12:03:00,-4.95
2024-06-02 12:04:00,-4.90
2024-06-02 12:05:00,-4.96
2024-06-02 12:06:00,-4.84
2024-06-02 12:07:00,-4.78
2024-06-02 12:08:00,-4.88
2024-06-02 12:09:00,-4.77
2024-06-02 12:10:00,-4.75
2024-06-02 12:11:00,-4.63
2024-06-02 12:12:00,-4.73
2024-06-02 12:13:00,-4.68
2024-06-02 12:14:00,-4.69
2024-06-02 12:15:00,-4.67
2024-06-02 12:16:00,-4.77
2024-06-02 12:17:00,-4.63
2024-06-02 12:18:00,-4.71
2024-06-02 12:19:00,-4.83
2024-06-02 12:20:00,-4.68
2024-06-02 12:21:00,-4.74
2024-06-02 12:22:00,-4.87
2024-06-02 12:23:00,-4.90
2024-06-02 12:24:00,-4.77
2024-06-02 12:25:00,-4.83
2024-06-02 12:26:00,-4.71
2024-06-02 12:27:00,-4.87
2024-06-02 12:28:00,-4.80
2024-06-02 12:29:00,-4.91
2024-06-02 12:30:00,-4.88
2024-06-02 12:31:00,-4.90
2024-06-02 12:32:00,-4.85
2024-06-02 12:33:00,-4.89
2024-06-02 12:34:00,-4.74
2024-06-02 12:35:00,-4.79
2024-06-02 12:36:00,-4.69
2024-06-02 12:37:00,-4.66
2024-06-02 12:38:00,-4.56
2024-06-02 12:39:00,-4.65
2024-06-02 12:40:00,-4.58
2024-06-02 12:41:00,-4.58
2024-06-02 12:42:00,-4.37
2024-06-02 12:43:00,-4.40
2024-06-02 12:44:00,-4.31
2024-06-02 12:45:00,-4.32
2024-06-02 12:46:00,-4.41
2024-06-02 12:47:00,-4.26
2024-06-02 12:48:00,-4.19
2024-06-02 12:49:00,-4.34
2024-06-02 12:50:00,-4.34
2024-06-02 12:51:00,-4.28
2024-06-02 12:52:00,-4.19
2024-06-02 12:53:00,-4.38
2024-06-02 12:54:00,-4.30
2024-06-02 12:55:00,-4.44
2024-06-02 12:56:00,-4.38
2024-06-02 12:57:00,-4.32
2024-06-02 12:58:00,-4.48
2024-06-02 12:59:00,-4.52
2024-06-02 13:00:00,-4.41
2024-06-02 13:01:00,-4.36
2024-06-02 13:02:00,-4.41
2024-06-02 13:03:00,-4.38
2024-06-02 13:04:00,-4.49
2024-06-02 13:05:00,-4.36
2024-06-02 13:06:00,-4.39
2024-06-02 13:07:00,-4.31
2024-06-02 13:08:00,-4.29
2024-06-02 13:09:00,-4.34
2024-06-02 13:10:00,-4.27
2024-06-02 13:11:00,-4.43
2024-06-02 13:12:00,-4.15
2024-06-02 13:13:00,-4.26
2024-06-02 13:14:00,-4.14
2024-06-02 13:15:00,-4.08
2024-06-02 13:16:00,-4.02
2024-06-02 13:17:00,-3.98
2024-06-02 13:18:00,-3.92
2024-06-02 13:19:00,-4.04
2024-06-02 13:20:00,-4.06
2024-06-02 13:21:00,-3.96
2024-06-02 13:22:00,-3.86
2024-06-02 13:23:00,-3.93
2024-06-02 13:24:00,-3.79
2024-06-02 13:25:00,-3.99
2024-06-02 13:26:00,-3.78
2024-06-02 13:27:00,-3.89
2024-06-02 13:28:00,-3.80
2024-06-02 13:29:00,-3.94
2024-06-02 13:30:00,-3.97
2024-06-02 13:31:00,-3.98
2024-06-02 13:32:00,-3.93
2024-06-02 13:33:00,-3.99
2024-06-02 13:34:00,-4.03
2024-06-02 13:35:00,-4.10
2024-06-02 13:36:00,-4.17
2024-06-02 13:37:00,-4.10
2024-06-02 13:38:00,-4.05
2024-06-02 13:39:00,-4.18
2024-06-02 13:40:00,-4.10
2024-06-02 13:41:00,-4.10
2024-06-02 13:42:00,-4.00
2024-06-02 13:43:00,-4.10
2024-06-02 13:44:00,-3.87
2024-06-02 13:45:00,-3.84
2024-06-02 13:46:00,-3.98
2024-06-02 13:47:00,-3.78
2024-06-02 13:48:00,-3.89
2024-06-02 13:49:00,-3.88
2024-06-02 13:50:00,-3.80
2024-06-02 13:51:00,-3.59
2024-06-02 13:52:00,-3.68
2024-06-02 13:53:00,-3.57
2024-06-02 13:54:00,-3.53
2024-06-02 13:55:00,-3.57
2024-06-02 13:56:00,-3.51
2024-06-02 13:57:00,-3.43
2024-06-02 13:58:00,-3.45
2024-06-02 13:59:00,-3.47
2024-06-02 14:00:00,-3.60
2024-06-02 14:01:00,-3.57
2024-06-02 14:02:00,-3.54
2024-06-02 14:03:00,-3.48
2024-06-02 14:04:00,-3.43
2024-06-02 14:05:00,-3.68
2024-06-02 14:06:00,-3.64
2024-06-02 14:07:00,-3.61
2024-06-02 14:08:00,-3.60
2024-06-02 14:09:00,-3.56
2024-06-02 14:10:00,-3.73
2024-06-02 14:11:00,-3.71
2024-06-02 14:12:00,-3.75
2024-06-02 14:13:00,-3.69
2024-06-02 14:14:00,-3.76
2024-06-02 14:15:00,-3.79
2024-06-02 14:16:00,-3.78
2024-06-02 14:17:00,-3.57
2024-06-02 14:18:00,-3.53
2024-06-02 14:19:00,-3.61
2024-06-02 14:20:00,-3.52
2024-06-02 14:21:00,-3.46
2024-06-02 14:22:00,-3.44
2024-06-02 14:23:00,-3.51
2024-06-02 14:24:00,-3.37
2024-06-02 14:25:00,-3.23
2024-06-02 14:26:00,-3.23
2024-06-02 14:27:00,-3.22
2024-06-02 14:28:00,-3.25
2024-06-02 14:29:00,-3.14
2024-06-02 14:30:00,-3.11
2024-06-02 14:31:00,-3.13
2024-06-02 14:32:00,-3.11
2024-06-02 14:33:00,-3.03
2024-06-02 14:34:00,-3.06
2024-06-02 14:35:00,-3.07
2024-06-02 14:36:00,-3.21
2024-06-02 14:37:00,-3.08
2024-06-02 14:38:00,-3.08
2024-06-02 14:39:00,-3.04
2024-06-02 14:40:00,-3.10
2024-06-02 14:41:00,-3.11
2024-06-02 14:42:00,-3.10
2024-06-02 14:43:00,-3.30
2024-06-02 14:44:00,-3.25
2024-06-02 14:45:00,-3.40
2024-06-02 14:46:00,-3.37
2024-06-02 14:47:00,-3.20
2024-06-02 14:48:00,-3.34
2024-06-02 14:49:00,-3.21
2024-06-02 14:50:00,-3.28
2024-06-02 14:51:00,-3.24
2024-06-02 14:52:00,-3.35
2024-06-02 14:53:00,-3.26
2024-06-02 14:54:00,-3.30
2024-06-02 14:55:00,-3.17
2024-06-02 14:56:00,-3.07
2024-06-02 14:57:00,-2.99
2024-06-02 14:58:00,-3.07
2024-06-02 14:59:00,-2.96
2024-06-02 15:00:00,-3.02
2024-06-02 15:01:00,-2.92
2024-06-02 15:02:00,-2.83
2024-06-02 15:03:00,-2.85
2024-06-02 15:04:00,-2.90
2024-06-02 15:05:00,-2.72
2024-06-02 15:06:00,-2.84
2024-06-02 15:07:00,-2.66
2024-06-02 15:08:00,-2.82
2024-06-02 15:09:00,-2.76
2024-06-02 15:10:00,-2.82
2024-06-02 15:11:00,-2.79
2024-06-02 15:12:00,-2.76
2024-06-02 15:13:00,-2.86
2024-06-02 15:14:00,-2.80
2024-06-02 15:15:00,-2.75
2024-06-02 15:16:00,-2.86
2024-06-02 15:17:00,-2.91
2024-06-02 15:18:00,-2.76
2024-06-02 15:19:00,-2.79
2024-06-02 15:20:00,-2.82
2024-06-02 15:21:00,-2.91
2024-06-02 15:22:00,-3.01
2024-06-02 15:23:00,-2.97
2024-06-02 15:24:00,-2.93
2024-06-02 15:25:00,-2.79
2024-06-02 15:26:00,-2.93
2024-06-02 15:27:00,-2.94
2024-06-02 15:28:00,-2.96
2024-06-02 15:29:00,-2.80
2024-06-02 15:30:00,-2.75
2024-06-02 15:31:00,-2.68
2024-06-02 15:32:00,-2.74
2024-06-02 15:33:00,-2.66
2024-06-02 15:34:00,-2.62
2024-06-02 15:35:00,-2.46
2024-06-02 15:36:00,-2.43
2024-06-02 15:37:00,-2.52
2024-06-02 15:38:00,-2.39
2024-06-02 15:39:00,-2.43
2024-06-02 15:40:00,-2.42
2024-06-02 15:41:00,-2.42
2024-06-02 15:42:00,-2.39
2024-06-02 15:43:00,-2.27
2024-06-02 15:44:00,-2.28
2024-06-02 15:45:00,-2.24
2024-06-02 15:46:00,-2.35
2024-06-02 15:47:00,-2.35
2024-06-02 15:48:00,-2.43
2024-06-02 15:49:00,-2.48
2024-06-02 15:50:00,-2.52
2024-06-02 15:51:00,-2.51
2024-06-02 15:52:00,-2.48
2024-06-02 15:53:00,-2.40
2024-06-02 15:54:00,-2.59
2024-06-02 15:55:00,-2.56
2024-06-02 15:56:00,-2.56
2024-06-02 15:57:00,-2.58
2024-06-02 15:58:00,-2.44
2024-06-02 15:59:00,-2.62
2024-06-02 16:00:00,-2.46
2024-06-02 16:01:00,-2.61
2024-06-02 16:02:00,-2.45
2024-06-02 16:03:00,-2.38
2024-06-02 16:04:00,-2.32
2024-06-02 16:05:00,-2.37
2024-06-02 16:06:00,-2.40
2024-06-02 16:07:00,-2.36
2024-06-02 16:08:00,-2.27
2024-06-02 16:09:00,-2.14
2024-06-02 16:10:00,-2.24
2024-06-02 16:11:00,-2.14
2024-06-02 16:12:00,-2.05
2024-06-02 16:13:00,-1.99
2024-06-02 16:14:00,-2.10
2024-06-02 16:15:00,-1.97
2024-06-02 16:16:00,-1.91
2024-06-02 16:17:00,-1.91
2024-06-02 16:18:00,-1.84
2024-06-02 16:19:00,-2.00
2024-06-02 16:20:00,-2.01
2024-06-02 16:21:00,-2.00
2024-06-02 16:22:00,-2.04
2024-06-02 16:23:00,-2.10
2024-06-02 16:24:00,-1.91
2024-06-02 16:25:00,-2.03
2024-06-02 16:26:00,-2.00
2024-06-02 16:27:00,-2.00
2024-06-02 16:28:00,-2.14
2024-06-02 16:29:00,-2.22
2024-06-02 16:30:00,-2.10
2024-06-02 16:31:00,-2.06
2024-06-02 16:32:00,-2.06
2024-06-02 16:33:00,-2.20
2024-06-02 16:34:00,-2.15
2024-06-02 16:35:00,-2.12
2024-06-02 16:36:00,-2.00
2024-06-02 16:37:00,-2.08
2024-06-02 16:38:00,-1.98
2024-06-02 16:39:00,-1.99
2024-06-02 16:40:00,-1.92
2024-06-02 16:41:00,-2.06
2024-06-02 16:42:00,-2.01
2024-06-02 16:43:00,-1.82
2024-06-02 16:44:00,-1.86
2024-06-02 16:45:00,-1.73
2024-06-02 16:46:00,-1.81
2024-06-02 16:47:00,-1.60
2024-06-02 16:48:00,-1.72
2024-06-02 16:49:00,-1.60
2024-06-02 16:50:00,-1.63
2024-06-02 16:51:00,-1.57
2024-06-02 16:52:00,-1.54
2024-06-02 16:53:00,-1.66
2024-06-02 16:54:00,-1.56
2024-06-02 16:55:00,-1.66
2024-06-02 16:56:00,-1.56
2024-06-02 16:57:00,-1.69
2024-06-02 16:58:00,-1.61
2024-06-02 16:59:00,-1.67
2024-06-02 17:00:00,-1.67
2024-06-02 17:01:00,-1.59
2024-06-02 17:02:00,-1.59
2024-06-02 17:03:00,-1.73
2024-06-02 17:04:00,-1.68
2024-06-02 17:05:00,-1.78
2024-06-02 17:06:00,-1.87
2024-06-02 17:07:00,-1.85
2024-06-02 17:08:00,-1.65
2024-06-02 17:09:00,-1.75
2024-06-02 17:10:00,-1.64
2024-06-02 17:11:00,-1.61
2024-06-02 17:12:00,-1.78
2024-06-02 17:13:00,-1.77
2024-06-02 17:14:00,-1.70
2024-06-02 17:15:00,-1.48
2024-06-02 17:16:00,-1.64
2024-06-02 17:17:00,-1.62
2024-06-02 17:18:00,-1.56
2024-06-02 17:19:00,-1.53
2024-06-02 17:20:00,-1.50
2024-06-02 17:21:00,-1.32
2024-06-02 17:22:00,-1.29
2024-06-02 17:23:00,-1.21
2024-06-02 17:24:00,-1.17
2024-06-02 17:25:00,-1.10
2024-06-02 17:26:00,-1.32
2024-06-02 17:27:00,-1.09
2024-06-02 17:28:00,-1.08
2024-06-02 17:29:00,-1.05
2024-06-02 17:30:00,-1.22
2024-06-02 17:31:00,-1.07
2024-06-02 17:32:00,-1.27
2024-06-02 17:33:00,-1.14
2024-06-02 17:34:00,-1.26
2024-06-02 17:35:00,-1.24
2024-06-02 17:36:00,-1.36
2024-06-02 17:37:00,-1.22
2024-06-02 17:38:00,-1.38
2024-06-02 17:39:00,-1.34
2024-06-02 17:40:00,-1.42
2024-06-02 17:41:00,-1.24
2024-06-02 17:42:00,-1.37
2024-06-02 17:43:00,-1.42
2024-06-02 17:44:00,-1.42
2024-06-02 17:45:00,-1.32
2024-06-02 17:46:00,-1.28
2024-06-02 17:47:00,-1.26
2024-06-02 17:48:00,-1.18
2024-06-02 17:49:00,-1.31
2024-06-02 17:50:00,-1.24
2024-06-02 17:51:00,-1.29
2024-06-02 17:52:00,-1.09
2024-06-02 17:53:00,-1.13
2024-06-02 17:54:00,-1.04
2024-06-02 17:55:00,-1.07
2024-06-02 17:56:00,-1.04
2024-06-02 17:57:00,-0.86
2024-06-02 17:58:00,-0.98
2024-06-02 17:59:00,-0.91
2024-06-02 18:00:00,-0.86
2024-06-02 18:01:00,-0.84
2024-06-02 18:02:00,-0.74
2024-06-02 18:03:00,-0.79
2024-06-02 18:04:00,-0.88
2024-06-02 18:05:00,-0.73
2024-06-02 18:06:00,-0.81
2024-06-02 18:07:00,-0.71
2024-06-02 18:08:00,-0.83
2024-06-02 18:09:00,-0.97
2024-06-02 18:10:00,-0.95
2024-06-02 18:11:00,-0.85
2024-06-02 18:12:00,-0.92
2024-06-02 18:13:00,-0.99
2024-06-02 18:14:00,-1.03
2024-06-02 18:15:00,-0.85
2024-06-02 18:16:00,-0.95
2024-06-02 18:17:00,-1.06
2024-06-02 18:18:00,-0.96
2024-06-02 18:19:00,-1.03
2024-06-02 18:20:00,-0.90
2024-06-02 18:21:00,-0.84
2024-06-02 18:22:00,-0.85
2024-06-02 18:23:00,-0.84
2024-06-02 18:24:00,-0.79
2024-06-02 18:25:00,-0.85
2024-06-02 18:26:00,-0.72
2024-06-02 18:27:00,-0.76
2024-06-02 18:28:00,-0.63
2024-06-02 18:29:00,-0.57
2024-06-02 18:30:00,-0.70
2024-06-02 18:31:00,-0.48
2024-06-02 18:32:00,-0.53
2024-06-02 18:33:00,-0.45
2024-06-02 18:34:00,-0.49
2024-06-02 18:35:00,-0.32
2024-06-02 18:36:00,-0.53
2024-06-02 18:37:00,-0.34
2024-06-02 18:38:00,-0.52
2024-06-02 18:39:00,-0.28
2024-06-02 18:40:00,-0.46
2024-06-02 18:41:00,-0.46
2024-06-02 18:42:00,-0.51
2024-06-02 18:43:00,-0.41
2024-06-02 18:44:00,-0.44
2024-06-02 18:45:00,-0.37
2024-06-02 18:46:00,-0.55
2024-06-02 18:47:00,-0.50
2024-06-02 18:48:00,-0.51
2024-06-02 18:49:00,-0.65
2024-06-02 18:50:00,-0.63
2024-06-02 18:51:00,-0.70
2024-06-02 18:52:00,-0.68
2024-06-02 18:53:00,-0.52
2024-06-02 18:54:00,-0.59
2024-06-02 18:55:00,-0.50
2024-06-02 18:56:00,-0.43
2024-06-02 18:57:00,-0.46
2024-06-02 18:58:00,-0.47
2024-06-02 18:59:00,-0.56
2024-06-02 19:00:00,-0.45
2024-06-02 19:01:00,-0.29
2024-06-02 19:02:00,-0.23
2024-06-02 19:03:00,-0.28
2024-06-02 19:04:00,-0.16
2024-06-02 19:05:00,-0.22
2024-06-02 19:06:00,-0.15
2024-06-02 19:07:00,-0.12
2024-06-02 19:08:00,-0.14
2024-06-02 19:09:00,-0.11
2024-06-02 19:10:00,-0.09
2024-06-02 19:11:00,-0.08
2024-06-02 19:12:00,0.09
2024-06-02 19:13:00,0.10
2024-06-02 19:14:00,0.01
2024-06-02 19:15:00,-0.14
2024-06-02 19:16:00,-0.02
2024-06-02 19:17:00,0.05
2024-06-02 19:18:00,-0.01
2024-06-02 19:19:00,-0.16
2024-06-02 19:20:00,-0.14
2024-06-02 19:21:00,-0.15
2024-06-02 19:22:00,-0.09
2024-06-02 19:23:00,-0.22
2024-06-02 19:24:00,-0.28
2024-06-02 19:25:00,-0.28
2024-06-02 19:26:00,-0.07
2024-06-02 19:27:00,-0.18
2024-06-02 19:28:00,-0.18
2024-06-02 19:29:00,-0.28
2024-06-02 19:30:00,-0.14
2024-06-02 19:31:00,-0.08
2024-06-02 19:32:00,-0.23
2024-06-02 19:33:00,-0.06
2024-06-02 19:34:00,-0.09
2024-06-02 19:35:00,-0.09
2024-06-02 19:36:00,-0.12
2024-06-02 19:37:00,0.01
2024-06-02 19:38:00,0.19
2024-06-02 19:39:00,0.24
2024-06-02 19:40:00,0.14
2024-06-02 19:41:00,0.19
2024-06-02 19:42:00,0.19
2024-06-02 19:43:00,0.25
2024-06-02 19:44:00,0.40
2024-06-02 19:45:00,0.33
2024-06-02 19:46:00,0.32
2024-06-02 19:47:00,0.35
2024-06-02 19:48:00,0.40
2024-06-02 19:49:00,0.27
2024-06-02 19:50:00,0.31
2024-06-02 19:51:00,0.49
2024-06-02 19:52:00,0.26
2024-06-02 19:53:00,0.35
2024-06-02 19:54:00,0.37
2024-06-02 19:55:00,0.34
2024-06-02 19:56:00,0.30
2024-06-02 19:57:00,0.22
2024-06-02 19:58:00,0.20
2024-06-02 19:59:00,0.14
2024-06-02 20:00:00,0.28
2024-06-02 20:01:00,0.19
2024-06-02 20:02:00,0.14
2024-06-02 20:03:00,0.16
2024-06-02 20:04:00,0.25
2024-06-02 20:05:00,0.21
2024-06-02 20:06:00,0.27
2024-06-02 20:07:00,0.30
2024-06-02 20:08:00,0.34
2024-06-02 20:09:00,0.22
2024-06-02 20:10:00,0.39
2024-06-02 20:11:00,0.44
2024-06-02 20:12:00,0.35
2024-06-02 20:13:00,0.50
2024-06-02 20:14:00,0.47
2024-06-02 20:15:00,0.62
2024-06-02 20:16:00,0.57
2024-06-02 20:17:00,0.72
2024-06-02 20:18:00,0.69
2024-06-02 20:19:00,0.69
2024-06-02 20:20:00,0.64
2024-06-02 20:21:00,0.81
2024-06-02 20:22:00,0.86
2024-06-02 20:23:00,0.73
2024-06-02 20:24:00,0.85
2024-06-02 20:25:00,0.79
2024-06-02 20:26:00,0.68
2024-06-02 20:27:00,0.66
2024-06-02 20:28:00,0.79
2024-06-02 20:29:00,0.66
2024-06-02 20:30:00,0.63
2024-06-02 20:31:00,0.71
2024-06-02 20:32:00,0.74
2024-06-02 20:33:00,0.72
2024-06-02 20:34:00,0.51
2024-06-02 20:35:00,0.66
2024-06-02 20:36:00,0.49
2024-06-02 20:37:00,0.49
2024-06-02 20:38:00,0.61
2024-06-02 20:39:00,0.67
2024-06-02 20:40:00,0.65
2024-06-02 20:41:00,0.61
2024-06-02 20:42:00,0.59
2024-06-02 20:43:00,0.72
2024-06-02 20:44:00,0.66
2024-06-02 20:45:00,0.70
2024-06-02 20:46:00,0.68
2024-06-02 20:47:00,0.71
2024-06-02 20:48:00,0.91
2024-06-02 20:49:00,0.84
2024-06-02 20:50:00,0.94
2024-06-02 20:51:00,1.08
2024-06-02 20:52:00,1.07
2024-06-02 20:53:00,0.97
2024-06-02 20:54:00,1.03
2024-06-02 20:55:00,1.04
2024-06-02 20:56:00,1.21
2024-06-02 20:57:00,1.25
2024-06-02 20:58:00,1.09
2024-06-02 20:59:00,1.10
2024-06-02 21:00:00,1.14
2024-06-02 21:01:00,1.04
2024-06-02 21:02:00,1.02
2024-06-02 21:03:00,1.06
2024-06-02 21:04:00,1.09
2024-06-02 21:05:00,1.05
2024-06-02 21:06:00,1.10
2024-06-02 21:07:00,0.92
2024-06-02 21:08:00,1.08
2024-06-02 21:09:00,0.96
2024-06-02 21:10:00,1.04
2024-06-02 21:11:00,0.97
2024-06-02 21:12:00,0.97
2024-06-02 21:13:00,0.94
2024-06-02 21:14:00,0.96
2024-06-02 21:15:00,1.05
2024-06-02 21:16:00,0.92
2024-06-02 21:17:00,1.07
2024-06-02 21:18:00,1.05
2024-06-02 21:19:00,1.21
2024-06-02 21:20:00,1.08
2024-06-02 21:21:00,1.23
2024-06-02 21:22:00,1.14
2024-06-02 21:23:00,1.30
2024-06-02 21:24:00,1.40
2024-06-02 21:25:00,1.33
2024-06-02 21:26:00,1.49
2024-06-02 21:27:00,1.31
2024-06-02 21:28:00,1.34
2024-06-02 21:29:00,1.47
2024-06-02 21:30:00,1.63
2024-06-02 21:31:00,1.43
2024-06-02 21:32:00,1.60
2024-06-02 21:33:00,1.48
2024-06-02 21:34:00,1.52
2024-06-02 21:35:00,1.61
2024-06-02 21:36:00,1.64
2024-06-02 21:37:00,1.52
2024-06-02 21:38:00,1.50
2024-06-02 21:39:00,1.52
2024-06-02 21:40:00,1.48
2024-06-02 21:41:00,1.42
2024-06-02 21:42:00,1.48
2024-06-02 21:43:00,1.29
2024-06-02 21:44:00,1.29
2024-06-02 21:45:00,1.24
2024-06-02 21:46:00,1.35
2024-06-02 21:47:00,1.23
2024-06-02 21:48:00,1.31
2024-06-02 21:49:00,1.26
2024-06-02 21:50:00,1.43
2024-06-02 21:51:00,1.50
2024-06-02 21:52:00,1.31
2024-06-02 21:53:00,1.53
2024-06-02 21:54:00,1.40
2024-06-02 21:55:00,1.48
2024-06-02 21:56:00,1.53
2024-06-02 21:57:00,1.49
2024-06-02 21:58:00,1.77
2024-06-02 21:59:00,1.82
2024-06-02 22:00:00,1.74
2024-06-02 22:01:00,1.75
2024-06-02 22:02:00,1.79
2024-06-02 22:03:00,1.79
2024-06-02 22:04:00,1.89
2024-06-02 22:05:00,1.98
2024-06-02 22:06:00,1.89
2024-06-02 22:07:00,1.96
2024-06-02 22:08:00,1.87
2024-06-02 22:09:00,1.81
2024-06-02 22:10:00,1.86
2024-06-02 22:11:00,1.95
2024-06-02 22:12:00,1.84
2024-06-02 22:13:00,1.88
2024-06-02 22:14:00,1.75
2024-06-02 22:15:00,1.74
2024-06-02 22:16:00,1.88
2024-06-02 22:17:00,1.90
2024-06-02 22:18:00,1.73
2024-06-02 22:19:00,1.74
2024-06-02 22:20:00,1.70
2024-06-02 22:21:00,1.70
2024-06-02 22:22:00,1.78
2024-06-02 22:23:00,1.85
2024-06-02 22:24:00,1.65
2024-06-02 22:25:00,1.86
2024-06-02 22:26:00,1.79
2024-06-02 22:27:00,1.89
2024-06-02 22:28:00,1.93
2024-06-02 22:29:00,1.86
2024-06-02 22:30:00,1.98
2024-06-02 22:31:00,1.88
2024-06-02 22:32:00,1.92
2024-06-02 22:33:00,2.17
2024-06-02 22:34:00,2.18
2024-06-02 22:35:00,2.25
2024-06-02 22:36:00,2.14
2024-06-02 22:37:00,2.29
2024-06-02 22:38:00,2.29
2024-06-02 22:39:00,2.22
2024-06-02 22:40:00,2.34
2024-06-02 22:41:00,2.26
2024-06-02 22:42:00,2.39
2024-06-02 22:43:00,2.43
2024-06-02 22:44:00,2.29
2024-06-02 22:45:00,2.42
2024-06-02 22:46:00,2.20
2024-06-02 22:47:00,2.31
2024-06-02 22:48:00,2.20
2024-06-02 22:49:00,2.16
2024-06-02 22:50:00,2.33
2024-06-02 22:51:00,2.28
2024-06-02 22:52:00,2.12
2024-06-02 22:53:00,2.26
2024-06-02 22:54:00,2.23
2024-06-02 22:55:00,2.12
2024-06-02 22:56:00,2.19
2024-06-02 22:57:00,2.16
2024-06-02 22:58:00,2.01
2024-06-02 22:59:00,2.21
2024-06-02 23:00:00,2.04
2024-06-02 23:01:00,2.26
2024-06-02 23:02:00,2.13
2024-06-02 23:03:00,2.20
2024-06-02 23:04:00,2.31
2024-06-02 23:05:00,2.20
2024-06-02 23:06:00,2.38
2024-06-02 23:07:00,2.39
2024-06-02 23:08:00,2.40
2024-06-02 23:09:00,2.41
2024-06-02 23:10:00,2.60
2024-06-02 23:11:00,2.45
2024-06-02 23:12:00,2.56
2024-06-02 23:13:00,2.67
2024-06-02 23:14:00,2.61
2024-06-02 23:15:00,2.63
2024-06-02 23:16:00,2.59
2024-06-02 23:17:00,2.67
2024-06-02 23:18:00,2.65
2024-06-02 23:19:00,2.73
2024-06-02 23:20:00,2.72
2024-06-02 23:21:00,2.75
2024-06-02 23:22:00,2.58
2024-06-02 23:23:00,2.64
2024-06-02 23:24:00,2.74
2024-06-02 23:25:00,2.71
2024-06-02 23:26:00,2.58
2024-06-02 23:27:00,2.48
2024-06-02 23:28:00,2.54
2024-06-02 23:29:00,2.61
2024-06-02 23:30:00,2.42
2024-06-02 23:31:00,2.55
2024-06-02 23:32:00,2.63
2024-06-02 23:33:00,2.59
2024-06-02 23:34:00,2.42
2024-06-02 23:35:00,2.67
2024-06-02 23:36:00,2.46
2024-06-02 23:37:00,2.66
2024-06-02 23:38:00,2.60
2024-06-02 23:39:00,2.57
2024-06-02 23:40:00,2.68
2024-06-02 23:41:00,2.71
2024-06-02 23:42:00,2.77
2024-06-02 23:43:00,2.73
2024-06-02 23:44:00,2.88
2024-06-02 23:45:00,3.00
2024-06-02 23:46:00,2.92
2024-06-02 23:47:00,3.00
2024-06-02 23:48:00,3.00
2024-06-02 23:49:00,2.93
2024-06-02 23:50:00,3.04
2024-06-02 23:51:00,3.03
2024-06-02 23:52:00,3.00
2024-06-02 23:53:00,2.98
2024-06-02 23:54:00,3.17
2024-06-02 23:55:00,3.01
2024-06-02 23:56:00,3.14
2024-06-02 23:57:00,3.12
2024-06-02 23:58:00,3.01
2024-06-02 23:59:00,3.02